ID,Pe_F,Pe_R,Pe_ratio,Span_F,Span_R,Span_ratio,SRR_ID
MGYG000000003_13:4795-4812-5460-5477,4,8,0.67,2,4,0.67,SRR5936013
MGYG000000003_13:4795-4812-5460-5477,4,22,0.85,2,9,0.82,SRR5936014
MGYG000000003_13:4795-4812-5460-5477,20,20,0.5,7,10,0.59,SRR5935889
MGYG000000003_13:4795-4812-5460-5477,0,12,1.0,0,6,1.0,SRR5946736
MGYG000000003_3:215021-215039-215218-215236,2,42,0.95,0,15,1.0,SRR5935915
MGYG000000003_3:215021-215039-215218-215236,2,10,0.83,1,5,0.83,SRR5935963
MGYG000000003_3:215021-215039-215218-215236,4,10,0.71,0,5,1.0,SRR5946628
MGYG000000003_3:215021-215039-215218-215236,0,34,1.0,0,15,1.0,SRR5935958
MGYG000000003_3:215021-215039-215218-215236,2,16,0.89,1,6,0.86,SRR5936013
MGYG000000003_3:215377-215396-215567-215586,28,8,0.22,17,4,0.19,SRR5935958
MGYG000000013_10:1853-1881-2126-2154,2,32,0.94,0,12,1.0,SRR5935931
MGYG000000013_10:1853-1881-2126-2154,8,54,0.87,4,8,0.67,SRR5946907
MGYG000000013_10:30569-30585-31239-31255,6,10,0.62,4,5,0.56,SRR5935969
MGYG000000013_10:84513-84543-84590-84620,0,8,1.0,0,4,1.0,SRR5946907
MGYG000000013_13:129949-129975-130209-130235,0,32,1.0,0,12,1.0,SRR5946832
MGYG000000013_13:129949-129975-130209-130235,0,88,1.0,0,31,1.0,SRR5935969
MGYG000000013_13:129949-129975-130209-130235,0,20,1.0,0,4,1.0,SRR5946907
MGYG000000013_13:129949-129975-130209-130235,0,14,1.0,0,5,1.0,SRR5935931
MGYG000000013_13:129949-129975-130209-130235,0,12,1.0,0,5,1.0,SRR5935958
MGYG000000013_13:129949-129975-130209-130235,0,12,1.0,0,6,1.0,SRR5946953
MGYG000000013_13:129949-129975-130209-130235,0,26,1.0,0,9,1.0,SRR5936110
MGYG000000013_13:129949-129975-130209-130235,0,12,1.0,0,5,1.0,SRR5935815
MGYG000000013_3:219384-219415-219448-219479,0,6,1.0,0,4,1.0,SRR5935852
MGYG000000013_4:153597-153618-154148-154169,0,6,1.0,0,5,1.0,SRR5935863
MGYG000000013_5:545937-545967-546089-546119,0,8,1.0,0,6,1.0,SRR5936009
MGYG000000013_5:545937-545967-546089-546119,0,10,1.0,0,5,1.0,SRR5936014
MGYG000000013_6:285009-285038-285087-285116,0,10,1.0,0,5,1.0,SRR5935931
MGYG000000013_6:285009-285038-285087-285116,0,18,1.0,0,9,1.0,SRR5946907
MGYG000000013_6:391276-391297-391548-391569,0,10,1.0,0,4,1.0,SRR5936022
MGYG000000013_7:311965-311995-312042-312072,0,10,1.0,0,7,1.0,SRR5935931
MGYG000000013_7:311965-311995-312042-312072,0,22,1.0,0,15,1.0,SRR5946907
MGYG000000022_1:84605-84620-84723-84738,0,12,1.0,0,6,1.0,SRR5946953
MGYG000000029_9:82389-82429-82487-82527,0,12,1.0,0,4,1.0,SRR5935958
MGYG000000029_9:82389-82429-82487-82527,0,8,1.0,0,4,1.0,SRR5946832
MGYG000000035_10:4821-4840-4915-4934,64,20,0.24,30,15,0.33,SRR5946987
MGYG000000035_10:4821-4840-4915-4934,138,38,0.22,63,19,0.23,SRR5947048
MGYG000000038_12:86237-86268-86414-86445,0,12,1.0,0,6,1.0,SRR5947018
MGYG000000039_15:36308-36328-36928-36948,0,8,1.0,0,7,1.0,SRR5947048
MGYG000000044_1:986746-986762-986932-986948,6,8,0.57,2,6,0.75,SRR5936014
MGYG000000044_1:986746-986762-986932-986948,6,12,0.67,3,4,0.57,SRR5935863
MGYG000000044_1:986746-986762-986932-986948,22,12,0.35,6,8,0.57,SRR5946736
MGYG000000044_2:116560-116585-116757-116782,0,8,1.0,0,5,1.0,SRR5950498
MGYG000000044_2:116560-116585-116757-116782,4,6,0.6,0,4,1.0,SRR5935875
MGYG000000044_2:116560-116585-116757-116782,0,20,1.0,0,5,1.0,SRR5935863
MGYG000000044_3:229054-229069-229381-229396,0,10,1.0,0,6,1.0,SRR5947048
MGYG000000044_3:229054-229069-229381-229396,10,18,0.64,4,6,0.6,SRR5936168
MGYG000000044_3:229054-229069-229381-229396,0,16,1.0,0,5,1.0,SRR5935812
MGYG000000044_3:257753-257772-257918-257937,0,18,1.0,0,9,1.0,SRR5935812
MGYG000000044_3:257753-257772-257918-257937,12,14,0.54,6,9,0.6,SRR5946736
MGYG000000044_3:257753-257772-257918-257937,0,12,1.0,0,6,1.0,SRR5946953
MGYG000000044_3:257753-257772-257918-257937,0,10,1.0,0,5,1.0,SRR5936009
MGYG000000044_3:257753-257772-257918-257937,0,14,1.0,0,7,1.0,SRR5935815
MGYG000000044_3:257753-257772-257918-257937,0,12,1.0,0,6,1.0,SRR5946743
MGYG000000044_3:257753-257772-257918-257937,4,10,0.71,1,4,0.8,SRR5936014
MGYG000000044_3:257753-257772-257918-257937,2,22,0.92,1,11,0.92,SRR5936022
MGYG000000044_3:310414-310435-310581-310602,16,12,0.43,6,5,0.45,SRR5936014
MGYG000000044_3:310414-310435-310581-310602,2,14,0.88,1,5,0.83,SRR5946736
MGYG000000044_5:140041-140057-140766-140782,0,14,1.0,0,6,1.0,SRR5946832
MGYG000000044_5:145933-145950-146650-146667,0,10,1.0,0,4,1.0,SRR5947018
MGYG000000044_5:206895-206915-207038-207058,0,10,1.0,0,4,1.0,SRR5936022
MGYG000000044_5:261276-261305-261605-261634,0,10,1.0,0,4,1.0,SRR5936022
MGYG000000054_44:3043-3062-3423-3442,0,14,1.0,0,8,1.0,SRR5935875
MGYG000000057_57:5885-5903-6062-6080,28,12,0.3,10,11,0.52,SRR5935815
MGYG000000060_1:391618-391650-391794-391826,0,12,1.0,0,6,1.0,SRR5946628
MGYG000000060_1:391618-391650-391794-391826,0,8,1.0,0,4,1.0,SRR5936013
MGYG000000070_1:867412-867428-868053-868069,0,42,1.0,0,20,1.0,SRR5946628
MGYG000000070_1:867412-867428-868053-868069,0,12,1.0,0,5,1.0,SRR5935963
MGYG000000074_4:501767-501784-502069-502086,0,10,1.0,0,6,1.0,SRR5950704
MGYG000000074_4:501767-501784-502069-502086,4,10,0.71,2,4,0.67,SRR5936197
MGYG000000074_4:8456-8473-9121-9138,0,12,1.0,0,6,1.0,SRR5946736
MGYG000000074_4:8456-8473-9121-9138,20,8,0.29,7,4,0.36,SRR5935889
MGYG000000074_4:8456-8473-9121-9138,4,22,0.85,2,9,0.82,SRR5936014
MGYG000000074_4:8456-8473-9121-9138,0,12,1.0,0,7,1.0,SRR5950723
MGYG000000099_6:64667-64680-64797-64810,0,6,1.0,0,6,1.0,SRR5935827
MGYG000000138_14:40032-40050-40215-40233,272,12,0.04,125,9,0.07,SRR5935827
MGYG000000154_1:40775-40794-41276-41295,0,10,1.0,0,5,1.0,SRR5947018
MGYG000000170_12:38632-38653-38931-38952,6,12,0.67,3,10,0.77,SRR5935889
MGYG000000183_36:4483-4501-4608-4626,0,8,1.0,0,4,1.0,SRR5947096
MGYG000000189_1:296685-296712-296818-296845,0,64,1.0,0,24,1.0,SRR5935963
MGYG000000189_2:134694-134733-134924-134963,0,30,1.0,0,12,1.0,SRR5935963
MGYG000000189_5:272430-272451-272570-272591,0,8,1.0,0,4,1.0,SRR5935963
MGYG000000189_7:6655-6674-6749-6768,64,20,0.24,30,15,0.33,SRR5946987
MGYG000000189_7:6655-6674-6749-6768,138,38,0.22,63,19,0.23,SRR5947048
MGYG000000190_1:873624-873641-873768-873785,0,20,1.0,0,9,1.0,SRR5946868
MGYG000000190_1:873624-873641-873768-873785,0,6,1.0,0,4,1.0,SRR5935833
MGYG000000192_16:22528-22548-22701-22721,0,8,1.0,0,4,1.0,SRR5946762
MGYG000000196_10:24633-24653-24719-24739,2,12,0.86,1,6,0.86,SRR5935864
MGYG000000196_12:177541-177564-177827-177850,42,12,0.22,17,4,0.19,SRR5936178
MGYG000000196_12:177541-177564-177827-177850,34,44,0.56,17,7,0.29,SRR5947096
MGYG000000196_12:177541-177564-177827-177850,34,18,0.35,15,9,0.38,SRR5936197
MGYG000000196_18:71-88-183-200,28,6,0.18,25,5,0.17,SRR5947096
MGYG000000196_25:18529-18544-18722-18737,346,38,0.1,182,23,0.11,SRR5946907
MGYG000000196_25:18529-18544-18722-18737,254,8,0.03,147,5,0.03,SRR5935931
MGYG000000196_25:18529-18544-18722-18737,106,40,0.27,58,19,0.25,SRR5935815
MGYG000000196_25:18529-18544-18722-18737,58,8,0.12,36,5,0.12,SRR5935889
MGYG000000196_25:18529-18544-18722-18737,132,20,0.13,75,11,0.13,SRR5935963
MGYG000000196_25:18529-18544-18722-18737,36,12,0.25,22,6,0.21,SRR5935875
MGYG000000196_25:18529-18544-18722-18737,72,34,0.32,45,14,0.24,SRR5936178
MGYG000000196_25:18529-18544-18722-18737,164,50,0.23,87,28,0.24,SRR5947096
MGYG000000196_25:18529-18544-18722-18737,146,20,0.12,88,12,0.12,SRR5936013
MGYG000000196_25:18529-18544-18722-18737,290,20,0.06,167,11,0.06,SRR5936009
MGYG000000196_25:18529-18544-18722-18737,316,34,0.1,198,18,0.08,SRR5935863
MGYG000000196_25:18899-18918-19096-19115,386,16,0.04,138,6,0.04,SRR5936013
MGYG000000196_25:18899-18918-19096-19115,70,10,0.12,21,4,0.16,SRR5935875
MGYG000000196_25:18899-18918-19096-19115,224,32,0.12,82,15,0.15,SRR5936178
MGYG000000196_25:18899-18918-19096-19115,596,80,0.12,200,29,0.13,SRR5946907
MGYG000000196_25:18899-18918-19096-19115,82,12,0.13,33,7,0.18,SRR5946762
MGYG000000196_25:18899-18918-19096-19115,200,28,0.12,70,10,0.12,SRR5935963
MGYG000000196_25:18899-18918-19096-19115,292,48,0.14,94,13,0.12,SRR5947096
MGYG000000196_25:18899-18918-19096-19115,116,24,0.17,43,9,0.17,SRR5935889
MGYG000000196_25:18899-18918-19096-19115,176,64,0.27,62,19,0.23,SRR5935815
MGYG000000196_25:18899-18918-19096-19115,616,24,0.04,200,8,0.04,SRR5935863
MGYG000000196_25:18899-18918-19096-19115,200,8,0.04,68,4,0.06,SRR5936168
MGYG000000196_2:166122-166137-166542-166557,0,10,1.0,0,4,1.0,SRR5950704
MGYG000000196_2:166122-166137-166542-166557,0,36,1.0,0,23,1.0,SRR5935864
MGYG000000196_2:166122-166137-166542-166557,0,18,1.0,0,10,1.0,SRR5936197
MGYG000000196_2:166122-166137-166542-166557,4,50,0.93,3,27,0.9,SRR5936110
MGYG000000196_2:166122-166137-166542-166557,0,12,1.0,0,8,1.0,SRR5950723
MGYG000000196_2:210987-211009-211254-211276,0,18,1.0,0,8,1.0,SRR5946762
MGYG000000196_2:210987-211009-211254-211276,0,30,1.0,0,20,1.0,SRR5947096
MGYG000000196_2:210987-211009-211254-211276,0,28,1.0,0,8,1.0,SRR5950723
MGYG000000196_2:210987-211009-211254-211276,42,18,0.3,20,9,0.31,SRR5936197
MGYG000000196_2:210987-211009-211254-211276,2,18,0.9,0,9,1.0,SRR5936057
MGYG000000196_2:210987-211009-211254-211276,2,30,0.94,1,11,0.92,SRR5936110
MGYG000000196_2:210987-211009-211254-211276,10,26,0.72,2,14,0.88,SRR5935864
MGYG000000196_33:31121-31162-31208-31249,0,8,1.0,0,5,1.0,SRR5935963
MGYG000000196_36:0-21-593-614,0,6,1.0,0,6,1.0,SRR5946736
MGYG000000196_36:0-21-593-614,4,16,0.8,2,11,0.85,SRR5936110
MGYG000000196_3:772-802-1045-1075,0,42,1.0,0,8,1.0,SRR5935864
MGYG000000196_3:772-802-1045-1075,18,32,0.64,3,11,0.79,SRR5936197
MGYG000000196_4:208818-208845-209010-209037,50,12,0.19,29,6,0.17,SRR5946628
MGYG000000196_4:208818-208845-209010-209037,44,46,0.51,17,18,0.51,SRR5950498
MGYG000000196_4:208818-208845-209010-209037,116,12,0.09,50,4,0.07,SRR5946832
MGYG000000196_4:208818-208845-209010-209037,308,12,0.04,141,7,0.05,SRR5936110
MGYG000000196_9:181272-181298-181681-181707,10,8,0.44,7,4,0.36,SRR5935812
MGYG000000196_9:181272-181298-181681-181707,18,40,0.69,7,22,0.76,SRR5936110
MGYG000000196_9:181272-181298-181681-181707,8,18,0.69,3,5,0.62,SRR5936197
MGYG000000211_13:136680-136710-136749-136779,0,8,1.0,0,4,1.0,SRR5936014
MGYG000000211_13:136680-136710-136749-136779,0,30,1.0,0,17,1.0,SRR5936197
MGYG000000211_15:71711-71723-71908-71920,432,10,0.02,153,5,0.03,SRR5946907
MGYG000000215_22:3536-3556-3709-3729,0,10,1.0,0,4,1.0,SRR5946628
MGYG000000215_2:22771-22804-22901-22934,22,20,0.48,11,6,0.35,SRR5946628
MGYG000000236_1:298825-298853-298895-298923,0,6,1.0,0,5,1.0,SRR5935864
MGYG000000236_3:129476-129507-129549-129580,2,10,0.83,1,5,0.83,SRR5935864
MGYG000000236_9:62303-62330-62495-62522,308,12,0.04,141,7,0.05,SRR5936110
MGYG000000236_9:62303-62330-62495-62522,116,12,0.09,50,4,0.07,SRR5946832
MGYG000000236_9:62303-62330-62495-62522,50,12,0.19,29,6,0.17,SRR5946628
MGYG000000236_9:62303-62330-62495-62522,44,48,0.52,17,18,0.51,SRR5950498
MGYG000000243_12:5927-5949-6220-6242,0,12,1.0,0,7,1.0,SRR5947018
MGYG000000243_12:5927-5949-6220-6242,2,16,0.89,1,10,0.91,SRR5946832
MGYG000000243_12:5927-5949-6220-6242,8,14,0.64,2,6,0.75,SRR5935833
MGYG000000243_17:53801-53830-54228-54257,2,14,0.88,0,5,1.0,SRR5946762
MGYG000000243_3:142394-142421-142662-142689,24,16,0.4,10,7,0.41,SRR5936197
MGYG000000243_4:162856-162880-163120-163144,2,6,0.75,2,4,0.67,SRR5935833
MGYG000000243_8:1345-1370-1521-1546,30,20,0.4,13,4,0.24,SRR5936197
MGYG000000254_23:41268-41288-41399-41419,0,6,1.0,0,6,1.0,SRR5946832
MGYG000000254_3:38895-38919-39095-39119,6,24,0.8,3,6,0.67,SRR5936178
MGYG000000254_3:38895-38919-39095-39119,118,40,0.25,35,15,0.3,SRR5946628
MGYG000000254_3:38895-38919-39095-39119,28,58,0.67,6,20,0.77,SRR5946907
MGYG000000254_3:38895-38919-39095-39119,18,10,0.36,7,4,0.36,SRR5947096
MGYG000000263_8:163687-163717-163901-163931,0,10,1.0,0,4,1.0,SRR5947018
MGYG000000265_26:33270-33297-33348-33375,0,12,1.0,0,6,1.0,SRR5946868
MGYG000000272_21:15270-15288-15339-15357,0,16,1.0,0,6,1.0,SRR5946628
MGYG000000355_70:5351-5371-5523-5543,14,38,0.73,10,14,0.58,SRR5950545
MGYG000000355_70:5351-5371-5523-5543,10,40,0.8,5,31,0.86,SRR5946868
MGYG000000355_70:5351-5371-5523-5543,66,144,0.69,23,57,0.71,SRR5936197
MGYG000000370_2:233173-233201-233252-233280,0,24,1.0,0,12,1.0,SRR5935889
MGYG000000400_27:42279-42295-42455-42471,28,8,0.22,13,4,0.24,SRR5935915
MGYG000000400_27:42279-42295-42455-42471,0,22,1.0,0,10,1.0,SRR5935812
MGYG000000400_27:42279-42295-42455-42471,4,6,0.6,4,4,0.5,SRR5947018
MGYG000000512_79:4442-4462-4504-4524,20,6,0.23,10,5,0.33,SRR5936013
MGYG000000541_402:996-1013-1194-1211,12,18,0.6,9,12,0.57,SRR5936110
MGYG000000541_402:996-1013-1194-1211,52,24,0.32,28,8,0.22,SRR5935827
MGYG000000541_402:996-1013-1194-1211,12,6,0.33,4,5,0.56,SRR5935812
MGYG000000541_402:996-1013-1194-1211,0,10,1.0,0,8,1.0,SRR5946743
MGYG000000644_122:5660-5689-5836-5865,0,16,1.0,0,4,1.0,SRR5935875
MGYG000000894_32:7170-7191-7310-7331,54,12,0.18,26,8,0.24,SRR5946743
MGYG000001097_38:7426-7453-7618-7645,308,12,0.04,141,7,0.05,SRR5936110
MGYG000001097_38:7426-7453-7618-7645,50,12,0.19,29,6,0.17,SRR5946628
MGYG000001097_38:7426-7453-7618-7645,44,48,0.52,17,18,0.51,SRR5950498
MGYG000001097_38:7426-7453-7618-7645,116,12,0.09,50,4,0.07,SRR5946832
MGYG000001306_32:1963-1978-2156-2171,164,50,0.23,87,28,0.24,SRR5947096
MGYG000001306_32:1963-1978-2156-2171,72,34,0.32,45,14,0.24,SRR5936178
MGYG000001306_32:1963-1978-2156-2171,58,8,0.12,36,5,0.12,SRR5935889
MGYG000001306_32:1963-1978-2156-2171,132,20,0.13,75,11,0.13,SRR5935963
MGYG000001306_32:1963-1978-2156-2171,106,40,0.27,58,19,0.25,SRR5935815
MGYG000001306_32:1963-1978-2156-2171,290,20,0.06,167,11,0.06,SRR5936009
MGYG000001306_32:1963-1978-2156-2171,316,34,0.1,198,18,0.08,SRR5935863
MGYG000001306_32:1963-1978-2156-2171,36,12,0.25,22,6,0.21,SRR5935875
MGYG000001306_32:1963-1978-2156-2171,146,20,0.12,88,12,0.12,SRR5936013
MGYG000001306_32:1963-1978-2156-2171,346,38,0.1,182,23,0.11,SRR5946907
MGYG000001306_32:1963-1978-2156-2171,254,8,0.03,147,5,0.03,SRR5935931
MGYG000001306_32:2333-2352-2530-2549,176,64,0.27,62,19,0.23,SRR5935815
MGYG000001306_32:2333-2352-2530-2549,292,48,0.14,94,13,0.12,SRR5947096
MGYG000001306_32:2333-2352-2530-2549,616,24,0.04,200,8,0.04,SRR5935863
MGYG000001306_32:2333-2352-2530-2549,224,32,0.12,82,15,0.15,SRR5936178
MGYG000001306_32:2333-2352-2530-2549,200,8,0.04,68,4,0.06,SRR5936168
MGYG000001306_32:2333-2352-2530-2549,82,12,0.13,33,7,0.18,SRR5946762
MGYG000001306_32:2333-2352-2530-2549,116,24,0.17,43,9,0.17,SRR5935889
MGYG000001306_32:2333-2352-2530-2549,70,10,0.12,21,4,0.16,SRR5935875
MGYG000001306_32:2333-2352-2530-2549,386,16,0.04,138,6,0.04,SRR5936013
MGYG000001306_32:2333-2352-2530-2549,200,28,0.12,70,10,0.12,SRR5935963
MGYG000001306_32:2333-2352-2530-2549,596,80,0.12,200,29,0.13,SRR5946907
MGYG000001313_17:511091-511113-511146-511168,0,12,1.0,0,8,1.0,SRR5947048
MGYG000001313_17:511091-511113-511146-511168,0,12,1.0,0,6,1.0,SRR5946987
MGYG000001322_11:712064-712083-712683-712702,0,8,1.0,0,4,1.0,SRR5946987
MGYG000001322_11:712064-712083-712683-712702,0,8,1.0,0,4,1.0,SRR5947018
MGYG000001337_1:377960-377976-378346-378362,0,16,1.0,0,12,1.0,SRR5950723
MGYG000001337_2:159305-159322-159449-159466,18,14,0.44,14,9,0.39,SRR5935889
MGYG000001337_2:159305-159322-159449-159466,10,6,0.38,5,5,0.5,SRR5935833
MGYG000001337_2:1843338-1843366-1843422-1843450,0,20,1.0,0,13,1.0,SRR5935969
MGYG000001337_2:2290993-2291013-2291266-2291286,0,12,1.0,0,6,1.0,SRR5935812
MGYG000001337_2:2290993-2291013-2291266-2291286,2,22,0.92,1,7,0.88,SRR5946743
MGYG000001337_2:2979246-2979268-2979532-2979554,0,26,1.0,0,12,1.0,SRR5935969
MGYG000001337_2:2979246-2979268-2979532-2979554,0,12,1.0,0,5,1.0,SRR5935889
MGYG000001337_2:3050033-3050064-3050099-3050130,0,8,1.0,0,8,1.0,SRR5946762
MGYG000001337_2:3240033-3240064-3240098-3240129,0,12,1.0,0,5,1.0,SRR5935812
MGYG000001337_2:682322-682339-682641-682658,6,22,0.79,2,10,0.83,SRR5935969
MGYG000001337_2:682322-682339-682641-682658,0,14,1.0,0,7,1.0,SRR5946953
MGYG000001337_2:682322-682339-682641-682658,0,32,1.0,0,14,1.0,SRR5946743
MGYG000001337_2:682322-682339-682641-682658,2,26,0.93,1,11,0.92,SRR5936110
MGYG000001337_3:17751-17767-17833-17849,0,8,1.0,0,5,1.0,SRR5946953
MGYG000001337_3:17751-17767-17833-17849,0,16,1.0,0,9,1.0,SRR5936110
MGYG000001337_3:17751-17767-17833-17849,0,10,1.0,0,5,1.0,SRR5935969
MGYG000001337_3:17751-17767-17833-17849,0,36,1.0,0,23,1.0,SRR5935812
MGYG000001337_3:17751-17767-17833-17849,0,20,1.0,0,16,1.0,SRR5946743
MGYG000001337_3:17751-17767-17833-17849,0,6,1.0,0,5,1.0,SRR5935889
MGYG000001337_3:595541-595561-595820-595840,6,8,0.57,3,4,0.57,SRR5935812
MGYG000001337_3:595541-595561-595820-595840,6,12,0.67,4,7,0.64,SRR5936110
MGYG000001337_3:644704-644719-645079-645094,0,26,1.0,0,12,1.0,SRR5935889
MGYG000001337_3:644704-644719-645079-645094,0,14,1.0,0,8,1.0,SRR5936110
MGYG000001337_3:644704-644719-645079-645094,0,10,1.0,0,5,1.0,SRR5935815
MGYG000001337_3:644704-644719-645079-645094,30,26,0.46,14,13,0.48,SRR5946743
MGYG000001337_3:644704-644719-645079-645094,0,44,1.0,0,24,1.0,SRR5935969
MGYG000001337_3:644704-644719-645079-645094,0,6,1.0,0,4,1.0,SRR5935833
MGYG000001337_4:294331-294346-294750-294765,4,6,0.6,3,4,0.57,SRR5936110
MGYG000001337_4:294331-294346-294750-294765,12,12,0.5,6,7,0.54,SRR5946743
MGYG000001337_4:310389-310405-310831-310847,2,10,0.83,1,5,0.83,SRR5936110
MGYG000001337_4:310389-310405-310831-310847,30,8,0.21,20,4,0.17,SRR5935969
MGYG000001345_31:340943-340975-341015-341047,0,6,1.0,0,4,1.0,SRR5935827
MGYG000001345_32:98027-98053-98184-98210,0,52,1.0,0,24,1.0,SRR5936014
MGYG000001345_32:98027-98053-98184-98210,2,8,0.8,0,4,1.0,SRR5935915
MGYG000001345_32:98027-98053-98184-98210,0,32,1.0,0,15,1.0,SRR5935889
MGYG000001345_32:98027-98053-98184-98210,8,30,0.79,0,18,1.0,SRR5936168
MGYG000001345_32:98027-98053-98184-98210,0,24,1.0,0,9,1.0,SRR5935958
MGYG000001345_33:4407-4431-4518-4542,2,46,0.96,0,26,1.0,SRR5936197
MGYG000001345_34:440719-440744-440793-440818,0,6,1.0,0,4,1.0,SRR5936110
MGYG000001345_34:499843-499862-500144-500163,0,8,1.0,0,5,1.0,SRR5935889
MGYG000001345_35:742258-742277-742582-742601,0,8,1.0,0,4,1.0,SRR5935827
MGYG000001345_35:994150-994170-994702-994722,6,12,0.67,3,8,0.73,SRR5950723
MGYG000001345_35:994150-994170-994702-994722,2,8,0.8,0,5,1.0,SRR5936110
MGYG000001345_36:1674255-1674283-1674329-1674357,12,6,0.33,5,5,0.5,SRR5935863
MGYG000001345_36:99320-99350-99383-99413,8,10,0.56,1,5,0.83,SRR5935963
MGYG000001345_36:99320-99350-99383-99413,0,12,1.0,0,5,1.0,SRR5935827
MGYG000001345_36:99320-99350-99383-99413,0,28,1.0,0,14,1.0,SRR5936110
MGYG000001345_36:99320-99350-99383-99413,2,16,0.89,1,9,0.9,SRR5946832
MGYG000001345_36:99320-99350-99383-99413,0,16,1.0,0,11,1.0,SRR5950545
MGYG000001345_36:99320-99350-99383-99413,0,48,1.0,0,32,1.0,SRR5936197
MGYG000001345_36:99320-99350-99383-99413,0,16,1.0,0,11,1.0,SRR5950498
MGYG000001345_36:99320-99350-99383-99413,0,34,1.0,0,16,1.0,SRR5935969
MGYG000001346_12:335254-335282-335351-335379,0,16,1.0,0,6,1.0,SRR5936009
MGYG000001346_13:711831-711854-711904-711927,0,52,1.0,0,29,1.0,SRR5935915
MGYG000001346_13:711831-711854-711904-711927,10,34,0.77,2,17,0.89,SRR5936168
MGYG000001346_13:711831-711854-711904-711927,0,60,1.0,0,29,1.0,SRR5946731
MGYG000001346_13:711831-711854-711904-711927,70,14,0.17,37,6,0.14,SRR5936013
MGYG000001346_13:711831-711854-711904-711927,0,106,1.0,0,61,1.0,SRR5935863
MGYG000001346_13:711831-711854-711904-711927,20,16,0.44,14,12,0.46,SRR5946953
MGYG000001346_13:711831-711854-711904-711927,0,28,1.0,0,15,1.0,SRR5947096
MGYG000001346_13:711831-711854-711904-711927,0,56,1.0,0,35,1.0,SRR5936014
MGYG000001346_13:711831-711854-711904-711927,0,10,1.0,0,6,1.0,SRR5936178
MGYG000001346_13:711831-711854-711904-711927,0,16,1.0,0,8,1.0,SRR5935812
MGYG000001346_13:711831-711854-711904-711927,0,18,1.0,0,7,1.0,SRR5935958
MGYG000001346_13:711831-711854-711904-711927,0,78,1.0,0,44,1.0,SRR5936009
MGYG000001346_13:711831-711854-711904-711927,0,12,1.0,0,10,1.0,SRR5935889
MGYG000001346_13:711831-711854-711904-711927,0,152,1.0,0,85,1.0,SRR5935827
MGYG000001346_13:711831-711854-711904-711927,30,22,0.42,24,9,0.27,SRR5946743
MGYG000001346_13:711831-711854-711904-711927,6,8,0.57,3,5,0.62,SRR5946628
MGYG000001346_13:907362-907392-907427-907457,0,38,1.0,0,17,1.0,SRR5946907
MGYG000001346_13:907362-907392-907427-907457,0,16,1.0,0,11,1.0,SRR5935969
MGYG000001346_13:907362-907392-907427-907457,0,104,1.0,0,49,1.0,SRR5935827
MGYG000001346_13:907362-907392-907427-907457,0,34,1.0,0,16,1.0,SRR5935812
MGYG000001346_13:907362-907392-907427-907457,0,10,1.0,0,6,1.0,SRR5935815
MGYG000001346_13:907362-907392-907427-907457,0,48,1.0,0,29,1.0,SRR5935931
MGYG000001346_13:924198-924219-924392-924413,10,30,0.75,1,15,0.94,SRR5946731
MGYG000001346_13:924198-924219-924392-924413,10,14,0.58,6,7,0.54,SRR5946907
MGYG000001346_13:924198-924219-924392-924413,0,36,1.0,0,18,1.0,SRR5935958
MGYG000001346_13:924198-924219-924392-924413,28,22,0.44,9,10,0.53,SRR5936009
MGYG000001346_13:924198-924219-924392-924413,6,18,0.75,3,11,0.79,SRR5935931
MGYG000001346_13:924198-924219-924392-924413,32,50,0.61,14,16,0.53,SRR5935863
MGYG000001346_13:924198-924219-924392-924413,0,50,1.0,0,27,1.0,SRR5935915
MGYG000001346_13:924198-924219-924392-924413,4,38,0.9,0,20,1.0,SRR5936168
MGYG000001346_13:924198-924219-924392-924413,24,6,0.2,12,4,0.25,SRR5935969
MGYG000001346_13:924198-924219-924392-924413,4,66,0.94,2,38,0.95,SRR5936197
MGYG000001346_13:924198-924219-924392-924413,0,42,1.0,0,22,1.0,SRR5936014
MGYG000001346_13:924198-924219-924392-924413,0,30,1.0,0,15,1.0,SRR5935889
MGYG000001346_14:1108911-1108947-1108982-1109018,0,16,1.0,0,6,1.0,SRR5946628
MGYG000001346_14:96607-96625-96790-96808,292,16,0.05,129,11,0.08,SRR5935827
MGYG000001346_15:1146627-1146659-1146690-1146722,0,40,1.0,0,26,1.0,SRR5947096
MGYG000001346_15:1146627-1146659-1146690-1146722,0,22,1.0,0,9,1.0,SRR5936178
MGYG000001356_1:394712-394731-395331-395350,0,12,1.0,0,6,1.0,SRR5946762
MGYG000001361_11:117438-117453-117494-117509,26,12,0.32,13,8,0.38,SRR5935833
MGYG000001361_11:117438-117453-117494-117509,22,8,0.27,11,4,0.27,SRR5946731
MGYG000001361_11:117438-117453-117494-117509,14,6,0.3,7,4,0.36,SRR5950498
MGYG000001361_13:4610-4625-4666-4681,26,12,0.32,13,8,0.38,SRR5935833
MGYG000001361_13:4610-4625-4666-4681,22,8,0.27,11,4,0.27,SRR5946731
MGYG000001361_13:4610-4625-4666-4681,14,6,0.3,7,4,0.36,SRR5950498
MGYG000001361_31:1660-1675-1716-1731,26,12,0.32,13,8,0.38,SRR5935833
MGYG000001361_31:1660-1675-1716-1731,22,8,0.27,11,4,0.27,SRR5946731
MGYG000001361_31:1660-1675-1716-1731,14,6,0.3,7,4,0.36,SRR5950498
MGYG000001361_4:112406-112421-112462-112477,16,6,0.27,8,4,0.33,SRR5950498
MGYG000001361_4:112406-112421-112462-112477,22,8,0.27,11,4,0.27,SRR5946731
MGYG000001361_4:112406-112421-112462-112477,26,12,0.32,13,8,0.38,SRR5935833
MGYG000001364_16:162198-162218-162370-162390,16,28,0.64,9,11,0.55,SRR5936197
MGYG000001364_16:162198-162218-162370-162390,14,22,0.61,7,15,0.68,SRR5946868
MGYG000001364_16:162198-162218-162370-162390,112,32,0.22,37,10,0.21,SRR5946907
MGYG000001364_1:109743-109755-109940-109952,940,10,0.01,395,5,0.01,SRR5946907
MGYG000001370_14:0-40-364-404,6,24,0.8,0,10,1.0,SRR5946736
MGYG000001370_22:152609-152626-152931-152948,30,46,0.61,13,20,0.61,SRR5946736
MGYG000001370_24:142607-142631-142862-142886,0,50,1.0,0,21,1.0,SRR5946736
MGYG000001370_43:104386-104401-104685-104700,52,12,0.19,28,6,0.18,SRR5946736
MGYG000001370_56:29996-30013-30216-30233,22,30,0.58,10,16,0.62,SRR5946736
MGYG000001370_90:142608-142627-142984-143003,6,42,0.88,6,12,0.67,SRR5946736
MGYG000001370_90:176931-176950-177117-177136,8,44,0.85,5,19,0.79,SRR5946736
MGYG000001370_90:62979-62998-63169-63188,64,16,0.2,28,8,0.22,SRR5946736
MGYG000001370_92:87394-87421-87586-87613,50,12,0.19,29,6,0.17,SRR5946628
MGYG000001370_92:87394-87421-87586-87613,44,46,0.51,17,18,0.51,SRR5950498
MGYG000001370_92:87394-87421-87586-87613,308,12,0.04,141,7,0.05,SRR5936110
MGYG000001370_92:87394-87421-87586-87613,116,12,0.09,50,4,0.07,SRR5946832
MGYG000001372_7:59702-59723-59875-59896,0,10,1.0,0,6,1.0,SRR5936013
MGYG000001378_10:112173-112194-112724-112745,2,6,0.75,1,5,0.83,SRR5935863
MGYG000001378_10:112173-112194-112724-112745,60,32,0.35,27,15,0.36,SRR5946907
MGYG000001378_13:131387-131407-131657-131677,0,30,1.0,0,11,1.0,SRR5946907
MGYG000001378_13:131387-131407-131657-131677,2,8,0.8,2,4,0.67,SRR5935864
MGYG000001378_13:131387-131407-131657-131677,0,6,1.0,0,4,1.0,SRR5935863
MGYG000001378_13:131387-131407-131657-131677,0,14,1.0,0,6,1.0,SRR5936110
MGYG000001378_13:131387-131407-131657-131677,0,22,1.0,0,11,1.0,SRR5935812
MGYG000001378_13:131387-131407-131657-131677,0,40,1.0,0,20,1.0,SRR5935827
MGYG000001378_13:131387-131407-131657-131677,0,26,1.0,0,14,1.0,SRR5936197
MGYG000001378_13:131387-131407-131657-131677,0,24,1.0,0,15,1.0,SRR5935931
MGYG000001378_13:131387-131407-131657-131677,0,16,1.0,0,8,1.0,SRR5946832
MGYG000001378_13:131387-131407-131657-131677,0,38,1.0,0,15,1.0,SRR5935969
MGYG000001378_1:166830-166854-167184-167208,2,12,0.86,0,5,1.0,SRR5946832
MGYG000001378_1:554740-554780-554838-554878,0,12,1.0,0,4,1.0,SRR5935958
MGYG000001378_1:554740-554780-554838-554878,0,8,1.0,0,4,1.0,SRR5946832
MGYG000001378_1:599208-599222-599270-599284,2,8,0.8,1,4,0.8,SRR5936110
MGYG000001378_2:368270-368298-368543-368571,2,32,0.94,0,12,1.0,SRR5935931
MGYG000001378_2:368270-368298-368543-368571,8,48,0.86,4,6,0.6,SRR5946907
MGYG000001378_2:464222-464241-464485-464504,0,8,1.0,0,5,1.0,SRR5936110
MGYG000001378_2:464222-464241-464485-464504,0,12,1.0,0,5,1.0,SRR5946907
MGYG000001378_2:464222-464241-464485-464504,0,24,1.0,0,16,1.0,SRR5935969
MGYG000001378_3:172498-172517-172693-172712,80,6,0.07,30,4,0.12,SRR5935889
MGYG000001378_3:172498-172517-172693-172712,44,8,0.15,12,4,0.25,SRR5946953
MGYG000001378_3:172498-172517-172693-172712,32,10,0.24,16,4,0.2,SRR5936013
MGYG000001378_3:172498-172517-172693-172712,120,50,0.29,42,28,0.4,SRR5935827
MGYG000001378_3:172498-172517-172693-172712,140,8,0.05,53,5,0.09,SRR5946907
MGYG000001378_3:187852-187876-188052-188076,4,14,0.78,2,6,0.75,SRR5947018
MGYG000001378_3:187852-187876-188052-188076,2,30,0.94,2,13,0.87,SRR5935931
MGYG000001378_3:187852-187876-188052-188076,52,30,0.37,24,6,0.2,SRR5946907
MGYG000001378_3:187852-187876-188052-188076,10,18,0.64,4,7,0.64,SRR5947096
MGYG000001378_3:187852-187876-188052-188076,0,16,1.0,0,6,1.0,SRR5950723
MGYG000001378_3:187852-187876-188052-188076,0,20,1.0,0,8,1.0,SRR5946868
MGYG000001378_3:187852-187876-188052-188076,0,34,1.0,0,12,1.0,SRR5936168
MGYG000001378_3:187852-187876-188052-188076,0,92,1.0,0,38,1.0,SRR5936014
MGYG000001378_3:187852-187876-188052-188076,0,26,1.0,0,11,1.0,SRR5935833
MGYG000001378_3:187852-187876-188052-188076,4,16,0.8,1,7,0.88,SRR5935963
MGYG000001378_3:187852-187876-188052-188076,0,46,1.0,0,14,1.0,SRR5946743
MGYG000001378_3:187852-187876-188052-188076,0,34,1.0,0,12,1.0,SRR5946832
MGYG000001378_3:187852-187876-188052-188076,0,56,1.0,0,24,1.0,SRR5935889
MGYG000001378_3:187852-187876-188052-188076,0,32,1.0,0,12,1.0,SRR5946731
MGYG000001378_3:187852-187876-188052-188076,0,24,1.0,0,12,1.0,SRR5935958
MGYG000001378_3:187852-187876-188052-188076,0,28,1.0,0,12,1.0,SRR5946953
MGYG000001378_3:187852-187876-188052-188076,0,16,1.0,0,5,1.0,SRR5936197
MGYG000001378_3:187852-187876-188052-188076,0,32,1.0,0,18,1.0,SRR5935915
MGYG000001378_3:187852-187876-188052-188076,0,26,1.0,0,11,1.0,SRR5935812
MGYG000001378_3:187852-187876-188052-188076,36,124,0.78,15,41,0.73,SRR5946628
MGYG000001378_3:187852-187876-188052-188076,2,120,0.98,0,45,1.0,SRR5935827
MGYG000001378_3:187852-187876-188052-188076,0,22,1.0,0,8,1.0,SRR5936110
MGYG000001378_3:267671-267697-267753-267779,0,16,1.0,0,6,1.0,SRR5935827
MGYG000001378_3:267671-267697-267753-267779,2,16,0.89,0,9,1.0,SRR5936057
MGYG000001378_3:267671-267697-267753-267779,0,8,1.0,0,4,1.0,SRR5946628
MGYG000001378_3:267671-267697-267753-267779,0,8,1.0,0,5,1.0,SRR5935969
MGYG000001378_9:134543-134567-134627-134651,0,24,1.0,0,18,1.0,SRR5936057
MGYG000001378_9:134543-134567-134627-134651,0,12,1.0,0,6,1.0,SRR5935864
MGYG000001391_2:396341-396368-396533-396560,26,12,0.32,29,6,0.17,SRR5946628
MGYG000001391_2:396341-396368-396533-396560,158,12,0.07,141,7,0.05,SRR5936110
MGYG000001391_2:396341-396368-396533-396560,58,12,0.17,50,4,0.07,SRR5946832
MGYG000001391_2:396341-396368-396533-396560,20,46,0.7,17,18,0.51,SRR5950498
MGYG000001391_2:396957-396977-397142-397162,0,8,1.0,27,4,0.13,SRR5946832
MGYG000001391_2:396957-396977-397142-397162,0,26,1.0,11,12,0.52,SRR5950498
MGYG000001396_1:267379-267399-268049-268069,0,40,1.0,0,28,1.0,SRR5935969
MGYG000001415_2:220727-220746-220922-220941,32,10,0.24,16,4,0.2,SRR5936013
MGYG000001415_2:220727-220746-220922-220941,120,50,0.29,42,28,0.4,SRR5935827
MGYG000001415_2:220727-220746-220922-220941,80,6,0.07,30,4,0.12,SRR5935889
MGYG000001415_2:220727-220746-220922-220941,44,8,0.15,12,4,0.25,SRR5946953
MGYG000001415_2:220727-220746-220922-220941,140,8,0.05,53,5,0.09,SRR5946907
MGYG000001415_2:235390-235414-235590-235614,42,76,0.64,12,27,0.69,SRR5946907
MGYG000001415_2:235390-235414-235590-235614,156,42,0.21,52,15,0.22,SRR5946628
MGYG000001415_2:235390-235414-235590-235614,18,10,0.36,7,4,0.36,SRR5947096
MGYG000001415_2:235390-235414-235590-235614,4,16,0.8,2,4,0.67,SRR5936178
MGYG000001433_4:30733-30763-30802-30832,0,6,1.0,0,5,1.0,SRR5935827
MGYG000001489_1:1904382-1904401-1904762-1904781,0,8,1.0,0,4,1.0,SRR5935833
MGYG000001493_1:498516-498533-498723-498740,0,10,1.0,0,4,1.0,SRR5947096
MGYG000001502_7:1016019-1016034-1016691-1016706,4,12,0.75,2,6,0.75,SRR5935889
MGYG000001531_7:286868-286887-286962-286981,42,28,0.4,22,11,0.33,SRR5947048
MGYG000001551_11:1359224-1359248-1359424-1359448,18,10,0.36,7,4,0.36,SRR5947096
MGYG000001551_11:1359224-1359248-1359424-1359448,156,42,0.21,52,15,0.22,SRR5946628
MGYG000001551_11:1359224-1359248-1359424-1359448,42,76,0.64,12,27,0.69,SRR5946907
MGYG000001551_11:1359224-1359248-1359424-1359448,4,16,0.8,2,4,0.67,SRR5936178
MGYG000001551_11:1373898-1373917-1374093-1374112,44,8,0.15,12,4,0.25,SRR5946953
MGYG000001551_11:1373898-1373917-1374093-1374112,140,8,0.05,53,5,0.09,SRR5946907
MGYG000001551_11:1373898-1373917-1374093-1374112,80,6,0.07,30,4,0.12,SRR5935889
MGYG000001551_11:1373898-1373917-1374093-1374112,120,50,0.29,42,28,0.4,SRR5935827
MGYG000001551_11:1373898-1373917-1374093-1374112,32,10,0.24,16,4,0.2,SRR5936013
MGYG000001632_144:408-428-626-646,0,12,1.0,0,6,1.0,SRR5935889
MGYG000001642_58:13375-13391-13516-13532,118,12,0.09,62,7,0.1,SRR5935827
MGYG000001644_40:12727-12743-12907-12923,4,38,0.9,4,11,0.73,SRR5936197
MGYG000001644_40:12727-12743-12907-12923,0,86,1.0,0,29,1.0,SRR5936009
MGYG000001644_40:12727-12743-12907-12923,0,30,1.0,0,5,1.0,SRR5947048
MGYG000001644_40:12727-12743-12907-12923,0,30,1.0,0,14,1.0,SRR5946987
MGYG000001644_40:12727-12743-12907-12923,0,18,1.0,0,8,1.0,SRR5935812
MGYG000001644_40:12727-12743-12907-12923,10,174,0.95,4,76,0.95,SRR5935863
MGYG000001644_40:12727-12743-12907-12923,0,8,1.0,0,5,1.0,SRR5946832
MGYG000001644_40:12727-12743-12907-12923,2,8,0.8,0,6,1.0,SRR5935827
MGYG000001687_65:3455-3478-3645-3668,0,6,1.0,0,6,1.0,SRR5946832
MGYG000001687_65:3455-3478-3645-3668,0,8,1.0,0,4,1.0,SRR5936057
MGYG000001707_13:77395-77422-77528-77555,0,64,1.0,0,24,1.0,SRR5935963
MGYG000001866_7:90881-90901-91065-91085,0,22,1.0,0,14,1.0,SRR5946628
MGYG000001881_29:33310-33325-33464-33479,0,8,1.0,0,4,1.0,SRR5935812
MGYG000001881_7:8189-8200-8353-8364,4,8,0.67,0,4,1.0,SRR5936057
MGYG000001881_7:8189-8200-8353-8364,0,26,1.0,0,17,1.0,SRR5935812
MGYG000001881_7:8189-8200-8353-8364,0,102,1.0,0,52,1.0,SRR5935827
MGYG000001912_383:174-200-405-431,0,10,1.0,0,4,1.0,SRR5950498
MGYG000001921_11:47567-47582-47722-47737,252,18,0.07,96,10,0.09,SRR5946762
MGYG000001921_11:80686-80697-80850-80861,0,26,1.0,0,17,1.0,SRR5935812
MGYG000001921_11:80686-80697-80850-80861,0,102,1.0,0,52,1.0,SRR5935827
MGYG000001921_11:80686-80697-80850-80861,4,8,0.67,0,4,1.0,SRR5936057
MGYG000001921_3:100864-100877-101023-101036,0,14,1.0,0,12,1.0,SRR5935827
MGYG000001921_4:61990-62007-62223-62240,46,10,0.18,19,4,0.17,SRR5935827
MGYG000001921_4:61990-62007-62223-62240,98,8,0.08,58,5,0.08,SRR5946762
MGYG000001921_4:61990-62007-62223-62240,4,12,0.75,1,5,0.83,SRR5935812
MGYG000001921_7:4148-4163-4319-4334,0,24,1.0,0,11,1.0,SRR5935812
MGYG000001921_7:4148-4163-4319-4334,28,46,0.62,12,20,0.62,SRR5935827
MGYG000001921_7:4148-4163-4319-4334,84,30,0.26,48,16,0.25,SRR5946762
MGYG000001977_23:7848-7872-8048-8072,0,52,1.0,0,22,1.0,SRR5935889
MGYG000001977_23:7848-7872-8048-8072,0,28,1.0,0,9,1.0,SRR5936168
MGYG000001977_23:7848-7872-8048-8072,4,10,0.71,1,4,0.8,SRR5935963
MGYG000001977_23:7848-7872-8048-8072,0,26,1.0,0,11,1.0,SRR5935915
MGYG000001977_23:7848-7872-8048-8072,0,36,1.0,0,15,1.0,SRR5946868
MGYG000001977_23:7848-7872-8048-8072,0,42,1.0,0,11,1.0,SRR5946743
MGYG000001977_23:7848-7872-8048-8072,58,28,0.33,20,6,0.23,SRR5946907
MGYG000001977_23:7848-7872-8048-8072,10,18,0.64,4,7,0.64,SRR5947096
MGYG000001977_23:7848-7872-8048-8072,0,16,1.0,0,5,1.0,SRR5936110
MGYG000001977_23:7848-7872-8048-8072,0,34,1.0,0,15,1.0,SRR5935833
MGYG000001977_23:7848-7872-8048-8072,4,24,0.86,2,9,0.82,SRR5935931
MGYG000001977_23:7848-7872-8048-8072,0,22,1.0,0,8,1.0,SRR5935812
MGYG000001977_23:7848-7872-8048-8072,2,112,0.98,0,40,1.0,SRR5935827
MGYG000001977_23:7848-7872-8048-8072,4,14,0.78,2,5,0.71,SRR5947018
MGYG000001977_23:7848-7872-8048-8072,0,90,1.0,0,31,1.0,SRR5936014
MGYG000001977_23:7848-7872-8048-8072,0,34,1.0,0,12,1.0,SRR5946832
MGYG000001977_23:7848-7872-8048-8072,0,20,1.0,0,10,1.0,SRR5935958
MGYG000001977_23:7848-7872-8048-8072,0,26,1.0,0,10,1.0,SRR5946953
MGYG000001977_23:7848-7872-8048-8072,0,36,1.0,0,13,1.0,SRR5946731
MGYG000001977_23:7848-7872-8048-8072,40,118,0.75,15,35,0.7,SRR5946628
MGYG000002033_13:72355-72377-72604-72626,2,14,0.88,2,5,0.71,SRR5935863
MGYG000002033_13:72355-72377-72604-72626,24,20,0.45,10,12,0.55,SRR5946736
MGYG000002033_13:72355-72377-72604-72626,2,8,0.8,1,4,0.8,SRR5936009
MGYG000002124_222:2173-2192-2436-2455,0,12,1.0,0,7,1.0,SRR5946731
MGYG000002124_222:2173-2192-2436-2455,4,10,0.71,2,4,0.67,SRR5936168
MGYG000002281_13:44807-44837-44877-44907,4,46,0.92,3,19,0.86,SRR5936178
MGYG000002281_13:44807-44837-44877-44907,0,58,1.0,0,26,1.0,SRR5947096
MGYG000002281_1:188896-188913-189224-189241,30,14,0.32,18,8,0.31,SRR5936178
MGYG000002281_1:188896-188913-189224-189241,28,14,0.33,13,8,0.38,SRR5947096
MGYG000002281_1:190138-190159-190205-190226,8,6,0.43,6,5,0.45,SRR5946736
MGYG000002281_1:190138-190159-190205-190226,0,44,1.0,0,28,1.0,SRR5936178
MGYG000002281_1:190138-190159-190205-190226,0,40,1.0,0,31,1.0,SRR5947096
MGYG000002281_24:52874-52894-53070-53090,8,54,0.87,8,23,0.74,SRR5947096
MGYG000002281_24:52874-52894-53070-53090,6,20,0.77,1,8,0.89,SRR5936178
MGYG000002281_28:60110-60132-60376-60398,6,16,0.73,3,7,0.7,SRR5947096
MGYG000002281_28:60110-60132-60376-60398,0,30,1.0,0,12,1.0,SRR5946736
MGYG000002281_28:60110-60132-60376-60398,14,26,0.65,7,9,0.56,SRR5936178
MGYG000002281_2:450717-450736-450999-451018,34,48,0.59,13,13,0.5,SRR5947096
MGYG000002281_41:1465-1491-1740-1766,4,34,0.89,2,12,0.86,SRR5947096
MGYG000002281_41:1465-1491-1740-1766,22,36,0.62,5,11,0.69,SRR5936178
MGYG000002281_5:105938-105960-106000-106022,36,6,0.14,13,6,0.32,SRR5936178
MGYG000002281_5:145633-145655-145695-145717,38,6,0.14,17,5,0.23,SRR5947096
MGYG000002281_7:147835-147853-148097-148115,0,20,1.0,0,5,1.0,SRR5946736
MGYG000002281_7:32301-32317-32372-32388,2,12,0.86,2,5,0.71,SRR5947096
MGYG000002281_7:32301-32317-32372-32388,20,18,0.47,11,9,0.45,SRR5936178
MGYG000002281_9:229-270-324-365,0,6,1.0,0,4,1.0,SRR5935875
MGYG000002281_9:229-270-324-365,0,22,1.0,0,8,1.0,SRR5946736
MGYG000002300_2:666926-666953-667118-667145,44,48,0.52,17,18,0.51,SRR5950498
MGYG000002300_2:666926-666953-667118-667145,116,12,0.09,50,4,0.07,SRR5946832
MGYG000002300_2:666926-666953-667118-667145,308,12,0.04,141,7,0.05,SRR5936110
MGYG000002300_2:666926-666953-667118-667145,50,12,0.19,29,6,0.17,SRR5946628
MGYG000002438_1:1023498-1023524-1023689-1023715,0,12,1.0,0,6,1.0,SRR5935958
MGYG000002438_1:1023498-1023524-1023689-1023715,0,10,1.0,0,5,1.0,SRR5935915
MGYG000002438_1:1043766-1043783-1044019-1044036,2,12,0.86,1,5,0.83,SRR5935852
MGYG000002438_1:1342653-1342674-1342827-1342848,0,12,1.0,0,9,1.0,SRR5936022
MGYG000002438_1:1342653-1342674-1342827-1342848,0,8,1.0,0,4,1.0,SRR5946868
MGYG000002438_1:1342653-1342674-1342827-1342848,0,10,1.0,0,5,1.0,SRR5935812
MGYG000002438_1:1342653-1342674-1342827-1342848,0,16,1.0,0,10,1.0,SRR5935827
MGYG000002438_1:1643610-1643629-1643750-1643769,18,14,0.44,9,5,0.36,SRR5946907
MGYG000002438_1:1643610-1643629-1643750-1643769,2,12,0.86,1,4,0.8,SRR5935812
MGYG000002438_1:1643610-1643629-1643750-1643769,20,16,0.44,12,8,0.4,SRR5936022
MGYG000002438_1:1670950-1670970-1671123-1671143,0,16,1.0,0,8,1.0,SRR5936168
MGYG000002438_1:1686306-1686322-1686464-1686480,0,48,1.0,0,27,1.0,SRR5935827
MGYG000002438_1:1686306-1686322-1686464-1686480,8,12,0.6,6,7,0.54,SRR5947096
MGYG000002438_1:1686306-1686322-1686464-1686480,20,24,0.55,16,11,0.41,SRR5936110
MGYG000002438_1:1686306-1686322-1686464-1686480,0,14,1.0,0,7,1.0,SRR5936168
MGYG000002438_1:1686306-1686322-1686464-1686480,0,20,1.0,0,10,1.0,SRR5935812
MGYG000002438_1:1686306-1686322-1686464-1686480,8,32,0.8,2,17,0.89,SRR5950723
MGYG000002438_1:1686306-1686322-1686464-1686480,0,8,1.0,0,4,1.0,SRR5946736
MGYG000002438_1:1955776-1955799-1956270-1956293,0,8,1.0,0,4,1.0,SRR5935833
MGYG000002438_1:2218076-2218095-2218254-2218273,4,14,0.78,1,9,0.9,SRR5935852
MGYG000002438_1:2218076-2218095-2218254-2218273,0,14,1.0,0,6,1.0,SRR5935931
MGYG000002438_1:2218076-2218095-2218254-2218273,0,8,1.0,0,5,1.0,SRR5935863
MGYG000002438_1:2218076-2218095-2218254-2218273,2,6,0.75,1,4,0.8,SRR5936057
MGYG000002438_1:2218076-2218095-2218254-2218273,0,10,1.0,0,5,1.0,SRR5936009
MGYG000002438_1:2218076-2218095-2218254-2218273,0,22,1.0,0,12,1.0,SRR5946907
MGYG000002438_1:2431754-2431773-2432244-2432263,26,22,0.46,18,9,0.33,SRR5935931
MGYG000002438_1:286930-286953-287267-287290,0,10,1.0,0,5,1.0,SRR5946736
MGYG000002438_1:286930-286953-287267-287290,2,18,0.9,1,7,0.88,SRR5935812
MGYG000002438_1:286930-286953-287267-287290,0,30,1.0,0,14,1.0,SRR5935875
MGYG000002438_1:3365229-3365249-3365561-3365581,0,12,1.0,0,8,1.0,SRR5935958
MGYG000002438_1:3365229-3365249-3365561-3365581,0,8,1.0,0,4,1.0,SRR5947018
MGYG000002438_1:368950-368964-369183-369197,0,8,1.0,0,4,1.0,SRR5936014
MGYG000002438_1:368950-368964-369183-369197,0,30,1.0,0,22,1.0,SRR5946907
MGYG000002438_1:455672-455687-455927-455942,8,46,0.85,2,23,0.92,SRR5936110
MGYG000002438_1:455672-455687-455927-455942,0,18,1.0,0,8,1.0,SRR5935915
MGYG000002438_1:455672-455687-455927-455942,0,8,1.0,0,4,1.0,SRR5947096
MGYG000002438_1:455672-455687-455927-455942,4,10,0.71,1,6,0.86,SRR5936022
MGYG000002438_1:455672-455687-455927-455942,0,10,1.0,0,8,1.0,SRR5935852
MGYG000002438_1:455672-455687-455927-455942,4,24,0.86,3,9,0.75,SRR5950723
MGYG000002438_1:455672-455687-455927-455942,2,14,0.88,1,7,0.88,SRR5935958
MGYG000002438_1:455672-455687-455927-455942,0,24,1.0,0,18,1.0,SRR5946736
MGYG000002438_1:455672-455687-455927-455942,0,6,1.0,0,5,1.0,SRR5935833
MGYG000002438_1:455672-455687-455927-455942,0,10,1.0,0,6,1.0,SRR5935827
MGYG000002438_1:455672-455687-455927-455942,0,14,1.0,0,6,1.0,SRR5946907
MGYG000002438_1:455672-455687-455927-455942,0,10,1.0,0,5,1.0,SRR5946762
MGYG000002438_1:455672-455687-455927-455942,0,18,1.0,0,9,1.0,SRR5935931
MGYG000002438_1:455672-455687-455927-455942,0,10,1.0,0,5,1.0,SRR5935963
MGYG000002438_1:765885-765911-766228-766254,12,6,0.33,6,5,0.45,SRR5947096
MGYG000002438_1:765885-765911-766228-766254,22,12,0.35,8,5,0.38,SRR5936022
MGYG000002438_1:765885-765911-766228-766254,38,12,0.24,17,5,0.23,SRR5950723
MGYG000002438_1:990109-990126-990444-990461,2,26,0.93,0,11,1.0,SRR5936110
MGYG000002438_1:990109-990126-990444-990461,0,8,1.0,0,4,1.0,SRR5935915
MGYG000002438_1:990109-990126-990444-990461,0,12,1.0,0,6,1.0,SRR5935889
MGYG000002438_1:990109-990126-990444-990461,0,6,1.0,0,4,1.0,SRR5946736
MGYG000002438_1:990109-990126-990444-990461,16,18,0.53,5,5,0.5,SRR5950723
MGYG000002438_1:990109-990126-990444-990461,0,10,1.0,0,7,1.0,SRR5935833
MGYG000002438_2:1282301-1282327-1282369-1282395,0,32,1.0,0,20,1.0,SRR5947096
MGYG000002438_2:1322248-1322262-1322428-1322442,0,8,1.0,0,4,1.0,SRR5947096
MGYG000002438_2:1322248-1322262-1322428-1322442,0,10,1.0,0,4,1.0,SRR5936022
MGYG000002438_2:137524-137554-137592-137622,0,28,1.0,0,18,1.0,SRR5936110
MGYG000002438_2:137524-137554-137592-137622,0,14,1.0,0,5,1.0,SRR5935875
MGYG000002438_2:137524-137554-137592-137622,0,20,1.0,0,9,1.0,SRR5946736
MGYG000002438_2:137524-137554-137592-137622,0,40,1.0,0,16,1.0,SRR5950723
MGYG000002438_2:137524-137554-137592-137622,0,18,1.0,0,5,1.0,SRR5946907
MGYG000002438_2:137524-137554-137592-137622,0,8,1.0,0,6,1.0,SRR5935852
MGYG000002438_2:137524-137554-137592-137622,0,26,1.0,0,8,1.0,SRR5947096
MGYG000002438_2:435173-435190-435458-435475,2,16,0.89,0,9,1.0,SRR5935827
MGYG000002438_2:827159-827186-827303-827330,0,8,1.0,0,5,1.0,SRR5947096
MGYG000002438_2:827159-827186-827303-827330,4,12,0.75,3,5,0.62,SRR5935915
MGYG000002438_2:827159-827186-827303-827330,0,6,1.0,0,5,1.0,SRR5935889
MGYG000002438_2:827159-827186-827303-827330,0,22,1.0,0,11,1.0,SRR5935958
MGYG000002453_10:277626-277639-277784-277797,4,18,0.82,2,11,0.85,SRR5935915
MGYG000002453_10:277626-277639-277784-277797,0,8,1.0,0,5,1.0,SRR5935958
MGYG000002453_10:418215-418232-418382-418399,20,6,0.23,8,4,0.33,SRR5935958
MGYG000002453_10:429922-429938-430207-430223,34,318,0.9,15,170,0.92,SRR5946762
MGYG000002453_10:53223-53234-53386-53397,0,20,1.0,0,9,1.0,SRR5935915
MGYG000002453_10:53223-53234-53386-53397,8,10,0.56,5,4,0.44,SRR5935958
MGYG000002453_12:186778-186793-186937-186952,20,16,0.44,13,10,0.43,SRR5935915
MGYG000002453_12:321459-321474-321746-321761,4,24,0.86,2,18,0.9,SRR5935915
MGYG000002453_12:321459-321474-321746-321761,0,32,1.0,0,19,1.0,SRR5935958
MGYG000002453_14:191947-191962-192238-192253,0,24,1.0,0,12,1.0,SRR5935958
MGYG000002453_14:191947-191962-192238-192253,10,12,0.55,7,6,0.46,SRR5935915
MGYG000002453_15:404364-404381-404530-404547,14,12,0.46,6,5,0.45,SRR5935915
MGYG000002453_15:458816-458834-458969-458987,0,10,1.0,0,4,1.0,SRR5935915
MGYG000002453_15:728060-728076-728264-728280,0,6,1.0,0,5,1.0,SRR5935958
MGYG000002453_15:826945-826960-827110-827125,0,40,1.0,0,22,1.0,SRR5935915
MGYG000002453_15:826945-826960-827110-827125,6,12,0.67,3,11,0.79,SRR5935958
MGYG000002453_15:954323-954344-954608-954629,0,28,1.0,0,11,1.0,SRR5935915
MGYG000002453_15:954323-954344-954608-954629,0,14,1.0,0,4,1.0,SRR5935958
MGYG000002453_7:472-489-629-646,12,8,0.4,5,5,0.5,SRR5935958
MGYG000002454_1:1161123-1161138-1161277-1161292,10,308,0.97,4,158,0.98,SRR5946762
MGYG000002454_1:1420772-1420790-1421026-1421044,364,18,0.05,175,7,0.04,SRR5946762
MGYG000002454_1:1420772-1420790-1421026-1421044,0,38,1.0,0,13,1.0,SRR5935812
MGYG000002454_1:1420772-1420790-1421026-1421044,0,138,1.0,0,66,1.0,SRR5935827
MGYG000002454_1:1495896-1495911-1496063-1496078,368,38,0.09,179,18,0.09,SRR5946762
MGYG000002454_1:1495896-1495911-1496063-1496078,58,100,0.63,27,44,0.62,SRR5935827
MGYG000002454_1:1582883-1582902-1583108-1583127,410,26,0.06,182,13,0.07,SRR5946762
MGYG000002454_1:1698421-1698436-1698692-1698707,0,334,1.0,0,160,1.0,SRR5946762
MGYG000002454_1:2279595-2279610-2279879-2279894,214,70,0.25,108,35,0.24,SRR5946762
MGYG000002454_1:2302091-2302108-2302244-2302261,368,36,0.09,173,20,0.1,SRR5946762
MGYG000002454_1:2339653-2339669-2339810-2339826,290,12,0.04,156,4,0.02,SRR5946762
MGYG000002454_1:2351262-2351278-2351544-2351560,0,8,1.0,0,4,1.0,SRR5936057
MGYG000002454_1:2521692-2521713-2521997-2522018,186,252,0.58,78,115,0.6,SRR5946762
MGYG000002454_1:295137-295151-295282-295296,0,10,1.0,0,7,1.0,SRR5935958
MGYG000002454_1:342706-342718-342962-342974,0,8,1.0,0,5,1.0,SRR5936009
MGYG000002454_1:36006-36021-36164-36179,38,424,0.92,17,215,0.93,SRR5946762
MGYG000002454_1:588173-588188-588328-588343,454,18,0.04,223,10,0.04,SRR5946762
MGYG000002454_1:603362-603377-603648-603663,0,50,1.0,0,23,1.0,SRR5935812
MGYG000002454_1:603362-603377-603648-603663,4,114,0.97,2,59,0.97,SRR5935827
MGYG000002454_1:603362-603377-603648-603663,136,232,0.63,61,105,0.63,SRR5946762
MGYG000002454_1:620905-620916-621069-621080,0,168,1.0,0,82,1.0,SRR5935827
MGYG000002454_1:620905-620916-621069-621080,0,66,1.0,0,36,1.0,SRR5935812
MGYG000002454_1:620905-620916-621069-621080,6,8,0.57,1,4,0.8,SRR5936057
MGYG000002454_1:704260-704280-704515-704535,4,146,0.97,2,64,0.97,SRR5935827
MGYG000002454_1:704260-704280-704515-704535,2,52,0.96,0,28,1.0,SRR5935812
MGYG000002454_1:704260-704280-704515-704535,322,22,0.06,105,6,0.05,SRR5946762
MGYG000002454_1:872626-872640-872807-872821,2,22,0.92,0,13,1.0,SRR5935812
MGYG000002454_1:872626-872640-872807-872821,0,40,1.0,0,18,1.0,SRR5935827
MGYG000002454_1:974947-974962-975150-975165,274,38,0.12,140,18,0.11,SRR5946762
MGYG000002455_10:86547-86563-86604-86620,0,8,1.0,0,4,1.0,SRR5935889
MGYG000002455_11:156499-156517-156687-156705,0,16,1.0,0,10,1.0,SRR5936197
MGYG000002455_12:51507-51531-51807-51831,6,18,0.75,4,10,0.71,SRR5950545
MGYG000002455_12:51507-51531-51807-51831,22,44,0.67,12,23,0.66,SRR5936197
MGYG000002455_12:51507-51531-51807-51831,0,6,1.0,0,4,1.0,SRR5946731
MGYG000002455_12:51507-51531-51807-51831,2,16,0.89,1,4,0.8,SRR5936168
MGYG000002455_12:51507-51531-51807-51831,76,30,0.28,37,11,0.23,SRR5947096
MGYG000002455_13:71396-71429-71488-71521,0,22,1.0,0,8,1.0,SRR5946907
MGYG000002455_13:71396-71429-71488-71521,0,8,1.0,0,5,1.0,SRR5935931
MGYG000002455_14:120501-120532-120564-120595,0,12,1.0,0,12,1.0,SRR5936014
MGYG000002455_15:150594-150614-150892-150912,0,8,1.0,0,4,1.0,SRR5950545
MGYG000002455_1:523341-523373-523408-523440,0,8,1.0,0,7,1.0,SRR5946907
MGYG000002455_23:80246-80263-80441-80458,0,10,1.0,0,5,1.0,SRR5950545
MGYG000002455_23:80246-80263-80441-80458,16,8,0.33,10,4,0.29,SRR5946907
MGYG000002455_25:56662-56704-56739-56781,0,12,1.0,0,5,1.0,SRR5946907
MGYG000002455_25:56662-56704-56739-56781,0,28,1.0,0,9,1.0,SRR5936197
MGYG000002455_25:56662-56704-56739-56781,0,24,1.0,0,11,1.0,SRR5950545
MGYG000002455_25:62896-62928-62963-62995,0,24,1.0,0,19,1.0,SRR5946907
MGYG000002455_25:62896-62928-62963-62995,0,8,1.0,0,5,1.0,SRR5935931
MGYG000002455_26:15792-15809-15981-15998,0,6,1.0,0,4,1.0,SRR5946731
MGYG000002455_2:155606-155637-155694-155725,2,20,0.91,0,10,1.0,SRR5946907
MGYG000002455_2:155606-155637-155694-155725,0,14,1.0,0,7,1.0,SRR5936197
MGYG000002455_2:155606-155637-155694-155725,0,6,1.0,0,4,1.0,SRR5950545
MGYG000002455_2:380251-380283-380319-380351,8,6,0.43,4,4,0.5,SRR5935863
MGYG000002455_32:48390-48422-48457-48489,0,8,1.0,0,8,1.0,SRR5946868
MGYG000002455_4:14939-14971-15006-15038,2,40,0.95,2,21,0.91,SRR5936197
MGYG000002455_4:14939-14971-15006-15038,6,30,0.83,6,24,0.8,SRR5946907
MGYG000002455_4:14939-14971-15006-15038,0,16,1.0,0,7,1.0,SRR5950545
MGYG000002455_4:14939-14971-15006-15038,0,8,1.0,0,5,1.0,SRR5946868
MGYG000002455_6:33125-33163-33211-33249,0,14,1.0,0,13,1.0,SRR5935931
MGYG000002455_6:33125-33163-33211-33249,0,22,1.0,0,13,1.0,SRR5936168
MGYG000002455_6:33125-33163-33211-33249,0,12,1.0,0,7,1.0,SRR5946762
MGYG000002455_6:33125-33163-33211-33249,0,10,1.0,0,5,1.0,SRR5947096
MGYG000002455_6:33125-33163-33211-33249,0,72,1.0,0,56,1.0,SRR5946907
MGYG000002455_6:33125-33163-33211-33249,2,10,0.83,0,6,1.0,SRR5936014
MGYG000002455_6:33125-33163-33211-33249,0,22,1.0,0,18,1.0,SRR5950545
MGYG000002455_6:33125-33163-33211-33249,0,24,1.0,0,14,1.0,SRR5935889
MGYG000002455_6:33125-33163-33211-33249,0,108,1.0,0,71,1.0,SRR5936197
MGYG000002455_6:33125-33163-33211-33249,2,12,0.86,1,7,0.88,SRR5935863
MGYG000002455_6:33125-33163-33211-33249,2,32,0.94,2,19,0.9,SRR5946731
MGYG000002470_4:423777-423801-424077-424101,10,30,0.75,4,15,0.79,SRR5936197
MGYG000002470_4:423777-423801-424077-424101,2,16,0.89,1,4,0.8,SRR5936168
MGYG000002470_4:423777-423801-424077-424101,6,16,0.73,4,8,0.67,SRR5950545
MGYG000002470_4:423777-423801-424077-424101,62,32,0.34,33,12,0.27,SRR5947096
MGYG000002470_4:565386-565423-565459-565496,0,12,1.0,0,6,1.0,SRR5947096
MGYG000002478_1:1538523-1538542-1538708-1538727,2,48,0.96,1,21,0.95,SRR5935931
MGYG000002478_1:1538523-1538542-1538708-1538727,0,34,1.0,0,18,1.0,SRR5946907
MGYG000002478_1:1797741-1797763-1797925-1797947,36,20,0.36,18,8,0.31,SRR5947096
MGYG000002478_1:2794856-2794874-2795252-2795270,0,82,1.0,0,42,1.0,SRR5947096
MGYG000002478_1:2794856-2794874-2795252-2795270,62,38,0.38,22,18,0.45,SRR5936014
MGYG000002478_1:2794856-2794874-2795252-2795270,16,56,0.78,5,23,0.82,SRR5935931
MGYG000002478_1:2794856-2794874-2795252-2795270,2,44,0.96,0,20,1.0,SRR5936178
MGYG000002478_1:2794856-2794874-2795252-2795270,18,22,0.55,6,8,0.57,SRR5936110
MGYG000002478_1:2794856-2794874-2795252-2795270,2,48,0.96,1,22,0.96,SRR5946907
MGYG000002478_1:2794856-2794874-2795252-2795270,0,14,1.0,0,9,1.0,SRR5950545
MGYG000002478_1:2794856-2794874-2795252-2795270,8,14,0.64,3,5,0.62,SRR5950723
MGYG000002478_1:2794856-2794874-2795252-2795270,6,60,0.91,3,28,0.9,SRR5936197
MGYG000002478_1:2794856-2794874-2795252-2795270,0,8,1.0,0,7,1.0,SRR5946987
MGYG000002478_1:2794856-2794874-2795252-2795270,16,66,0.8,6,34,0.85,SRR5935815
MGYG000002478_1:2794856-2794874-2795252-2795270,0,14,1.0,0,7,1.0,SRR5935875
MGYG000002478_1:2794856-2794874-2795252-2795270,0,14,1.0,0,8,1.0,SRR5935969
MGYG000002478_1:3222397-3222422-3222582-3222607,0,18,1.0,0,7,1.0,SRR5936014
MGYG000002478_1:3222397-3222422-3222582-3222607,0,18,1.0,0,9,1.0,SRR5936022
MGYG000002478_1:3222397-3222422-3222582-3222607,0,10,1.0,0,4,1.0,SRR5946832
MGYG000002478_1:3222397-3222422-3222582-3222607,0,10,1.0,0,8,1.0,SRR5935852
MGYG000002478_1:3222397-3222422-3222582-3222607,4,6,0.6,2,6,0.75,SRR5935863
MGYG000002478_1:3222397-3222422-3222582-3222607,0,8,1.0,0,4,1.0,SRR5946907
MGYG000002478_1:3222397-3222422-3222582-3222607,0,28,1.0,0,11,1.0,SRR5935931
MGYG000002478_1:3796127-3796147-3796321-3796341,14,14,0.5,9,7,0.44,SRR5935815
MGYG000002478_1:3796127-3796147-3796321-3796341,42,40,0.49,21,22,0.51,SRR5936197
MGYG000002478_1:3796127-3796147-3796321-3796341,32,8,0.2,18,7,0.28,SRR5935969
MGYG000002478_1:3796127-3796147-3796321-3796341,14,36,0.72,8,15,0.65,SRR5936178
MGYG000002478_1:3796127-3796147-3796321-3796341,34,30,0.47,16,11,0.41,SRR5946907
MGYG000002478_1:3796127-3796147-3796321-3796341,72,26,0.27,27,8,0.23,SRR5936014
MGYG000002478_1:3796127-3796147-3796321-3796341,6,12,0.67,3,7,0.7,SRR5935889
MGYG000002478_1:3796127-3796147-3796321-3796341,32,32,0.5,16,16,0.5,SRR5935931
MGYG000002478_1:3796127-3796147-3796321-3796341,42,62,0.6,16,28,0.64,SRR5947096
MGYG000002478_1:394150-394165-394883-394898,22,8,0.27,14,8,0.36,SRR5935815
MGYG000002478_1:4048445-4048471-4048621-4048647,24,12,0.33,9,6,0.4,SRR5936009
MGYG000002478_1:4048445-4048471-4048621-4048647,48,60,0.56,16,24,0.6,SRR5936197
MGYG000002478_1:4048445-4048471-4048621-4048647,12,10,0.45,6,6,0.5,SRR5935863
MGYG000002478_1:4048445-4048471-4048621-4048647,0,20,1.0,0,6,1.0,SRR5950704
MGYG000002478_1:4048445-4048471-4048621-4048647,46,64,0.58,24,28,0.54,SRR5936110
MGYG000002478_1:4048445-4048471-4048621-4048647,20,12,0.38,10,5,0.33,SRR5935827
MGYG000002478_1:4048445-4048471-4048621-4048647,14,44,0.76,6,12,0.67,SRR5950723
MGYG000002478_1:4048445-4048471-4048621-4048647,2,16,0.89,2,9,0.82,SRR5935864
MGYG000002478_1:4048445-4048471-4048621-4048647,26,14,0.35,3,6,0.67,SRR5946736
MGYG000002478_1:514151-514170-514321-514340,26,28,0.52,12,14,0.54,SRR5935931
MGYG000002478_1:514151-514170-514321-514340,18,24,0.57,11,14,0.56,SRR5935815
MGYG000002478_1:514151-514170-514321-514340,20,24,0.55,5,11,0.69,SRR5947096
MGYG000002478_1:514151-514170-514321-514340,12,16,0.57,7,9,0.56,SRR5936178
MGYG000002478_1:514151-514170-514321-514340,2,8,0.8,1,4,0.8,SRR5936022
MGYG000002478_1:514151-514170-514321-514340,4,12,0.75,2,7,0.78,SRR5946736
MGYG000002478_1:5286874-5286891-5286950-5286967,10,8,0.44,9,4,0.31,SRR5936014
MGYG000002478_1:641745-641762-642002-642019,58,12,0.17,32,6,0.16,SRR5935863
MGYG000002478_1:641745-641762-642002-642019,56,22,0.28,32,8,0.2,SRR5936014
MGYG000002478_1:641745-641762-642002-642019,54,8,0.13,30,4,0.12,SRR5935931
MGYG000002478_1:641745-641762-642002-642019,16,12,0.43,8,7,0.47,SRR5946907
MGYG000002478_1:862175-862194-862368-862387,82,48,0.37,33,18,0.35,SRR5935875
MGYG000002478_1:862175-862194-862368-862387,2,32,0.94,1,7,0.88,SRR5946953
MGYG000002478_1:862175-862194-862368-862387,6,14,0.7,3,6,0.67,SRR5936022
MGYG000002478_1:862175-862194-862368-862387,2,30,0.94,1,11,0.92,SRR5946743
MGYG000002478_1:862175-862194-862368-862387,58,78,0.57,29,33,0.53,SRR5946736
MGYG000002478_1:862175-862194-862368-862387,12,8,0.4,5,5,0.5,SRR5936013
MGYG000002478_1:862175-862194-862368-862387,0,14,1.0,0,5,1.0,SRR5946762
MGYG000002483_11:34587-34604-35175-35192,4,10,0.71,2,4,0.67,SRR5947048
MGYG000002492_1:2273805-2273831-2274053-2274079,8,16,0.67,5,8,0.62,SRR5946743
MGYG000002492_1:2793612-2793648-2793825-2793861,0,10,1.0,0,7,1.0,SRR5946987
MGYG000002517_1:1456070-1456087-1456579-1456596,0,12,1.0,0,4,1.0,SRR5935963
MGYG000002517_1:2854937-2854957-2855350-2855370,0,8,1.0,0,4,1.0,SRR5935815
MGYG000002540_15:3555-3577-3759-3781,32,8,0.2,19,4,0.17,SRR5936013
MGYG000002540_20:2688-2717-2872-2901,0,10,1.0,0,4,1.0,SRR5935963
MGYG000002540_20:2688-2717-2872-2901,14,10,0.42,4,4,0.5,SRR5936013
MGYG000002540_22:233494-233518-233652-233676,0,26,1.0,0,6,1.0,SRR5936013
MGYG000002540_22:233494-233518-233652-233676,0,18,1.0,0,7,1.0,SRR5935963
MGYG000002540_22:294502-294523-294652-294673,2,28,0.93,1,12,0.92,SRR5936013
MGYG000002540_35:44573-44591-44725-44743,0,8,1.0,0,4,1.0,SRR5947018
MGYG000002540_3:160562-160581-160744-160763,0,12,1.0,0,6,1.0,SRR5947018
MGYG000002545_1:1060932-1060951-1061091-1061110,0,42,1.0,0,16,1.0,SRR5946832
MGYG000002546_9:6573-6589-6762-6778,64,22,0.26,29,7,0.19,SRR5935931
MGYG000002549_14:179988-180011-180323-180346,0,24,1.0,0,11,1.0,SRR5935969
MGYG000002549_14:179988-180011-180323-180346,0,22,1.0,0,12,1.0,SRR5935958
MGYG000002549_14:179988-180011-180323-180346,18,32,0.64,9,16,0.64,SRR5935889
MGYG000002549_14:179988-180011-180323-180346,0,34,1.0,0,20,1.0,SRR5946731
MGYG000002549_14:179988-180011-180323-180346,0,10,1.0,0,7,1.0,SRR5946907
MGYG000002549_14:179988-180011-180323-180346,0,10,1.0,0,6,1.0,SRR5946762
MGYG000002549_14:179988-180011-180323-180346,0,32,1.0,0,11,1.0,SRR5935815
MGYG000002549_14:179988-180011-180323-180346,0,10,1.0,0,5,1.0,SRR5936168
MGYG000002549_14:179988-180011-180323-180346,2,12,0.86,2,7,0.78,SRR5935931
MGYG000002549_14:179988-180011-180323-180346,0,14,1.0,0,4,1.0,SRR5935812
MGYG000002549_14:179988-180011-180323-180346,0,6,1.0,0,4,1.0,SRR5947018
MGYG000002549_16:163813-163832-164181-164200,8,14,0.64,2,8,0.8,SRR5946731
MGYG000002549_16:163813-163832-164181-164200,32,48,0.6,10,29,0.74,SRR5946832
MGYG000002549_16:163813-163832-164181-164200,2,8,0.8,1,5,0.83,SRR5935915
MGYG000002549_16:163813-163832-164181-164200,28,14,0.33,9,6,0.4,SRR5935812
MGYG000002549_16:163813-163832-164181-164200,4,10,0.71,2,5,0.71,SRR5935864
MGYG000002549_16:163813-163832-164181-164200,0,8,1.0,0,4,1.0,SRR5935852
MGYG000002549_16:163813-163832-164181-164200,12,8,0.4,4,4,0.5,SRR5935969
MGYG000002549_16:163813-163832-164181-164200,22,20,0.48,10,11,0.52,SRR5935889
MGYG000002549_18:361587-361606-361650-361669,0,6,1.0,0,4,1.0,SRR5936168
MGYG000002549_21:180148-180167-180481-180500,0,18,1.0,0,7,1.0,SRR5935889
MGYG000002549_21:180148-180167-180481-180500,6,8,0.57,2,4,0.67,SRR5946731
MGYG000002549_2:10004-10023-10076-10095,10,10,0.5,5,4,0.44,SRR5946762
MGYG000002549_6:901946-901970-902221-902245,8,14,0.64,3,7,0.7,SRR5935815
MGYG000002549_7:235510-235530-235778-235798,8,18,0.69,4,11,0.73,SRR5935812
MGYG000002549_7:235510-235530-235778-235798,4,8,0.67,1,7,0.88,SRR5946907
MGYG000002549_7:235510-235530-235778-235798,20,14,0.41,6,5,0.45,SRR5935815
MGYG000002549_7:235510-235530-235778-235798,0,18,1.0,0,7,1.0,SRR5935827
MGYG000002549_7:235510-235530-235778-235798,20,8,0.29,12,4,0.25,SRR5935969
MGYG000002549_8:44870-44892-45141-45163,0,24,1.0,0,10,1.0,SRR5946731
MGYG000002549_8:44870-44892-45141-45163,0,6,1.0,0,4,1.0,SRR5946907
MGYG000002780_40:2188-2210-2303-2325,2,6,0.75,0,4,1.0,SRR5935864
MGYG000002780_40:2188-2210-2303-2325,4,14,0.78,2,5,0.71,SRR5935931
MGYG000003060_343:0-25-71-96,0,12,1.0,0,6,1.0,SRR5947096
MGYG000003060_343:0-25-71-96,0,10,1.0,0,7,1.0,SRR5947048
MGYG000003097_54:5749-5769-5938-5958,16,98,0.86,4,40,0.91,SRR5935863
MGYG000003097_54:5749-5769-5938-5958,12,80,0.87,5,31,0.86,SRR5946868
MGYG000003097_54:5749-5769-5938-5958,8,10,0.56,1,5,0.83,SRR5946832
MGYG000003097_54:5749-5769-5938-5958,48,28,0.37,19,15,0.44,SRR5935852
MGYG000003097_54:5749-5769-5938-5958,22,8,0.27,4,5,0.56,SRR5946762
MGYG000003097_54:5749-5769-5938-5958,8,10,0.56,5,5,0.5,SRR5935963
MGYG000003097_54:5749-5769-5938-5958,534,42,0.07,202,18,0.08,SRR5936197
MGYG000003097_54:5749-5769-5938-5958,6,190,0.97,1,68,0.99,SRR5936009
MGYG000003097_54:5749-5769-5938-5958,2,18,0.9,0,8,1.0,SRR5935958
MGYG000003163_104:5269-5289-5458-5478,48,28,0.37,19,15,0.44,SRR5935852
MGYG000003163_104:5269-5289-5458-5478,16,98,0.86,4,40,0.91,SRR5935863
MGYG000003163_104:5269-5289-5458-5478,8,10,0.56,5,5,0.5,SRR5935963
MGYG000003163_104:5269-5289-5458-5478,534,42,0.07,202,18,0.08,SRR5936197
MGYG000003163_104:5269-5289-5458-5478,6,190,0.97,1,68,0.99,SRR5936009
MGYG000003163_104:5269-5289-5458-5478,22,8,0.27,4,5,0.56,SRR5946762
MGYG000003163_104:5269-5289-5458-5478,2,18,0.9,0,8,1.0,SRR5935958
MGYG000003163_104:5269-5289-5458-5478,12,80,0.87,5,31,0.86,SRR5946868
MGYG000003163_104:5269-5289-5458-5478,8,10,0.56,1,5,0.83,SRR5946832
MGYG000003166_19:26821-26838-26961-26978,8,6,0.43,6,5,0.45,SRR5950545
MGYG000003217_6:73649-73667-73769-73787,6,8,0.57,3,4,0.57,SRR5935963
MGYG000003351_386:3431-3457-3840-3866,18,40,0.69,7,22,0.76,SRR5936110
MGYG000003351_386:3431-3457-3840-3866,10,8,0.44,7,4,0.36,SRR5935812
MGYG000003351_386:3431-3457-3840-3866,8,18,0.69,3,5,0.62,SRR5936197
MGYG000003351_66:0-35-276-311,0,20,1.0,0,6,1.0,SRR5946762
MGYG000003351_66:0-35-276-311,0,12,1.0,0,4,1.0,SRR5935864
MGYG000003351_66:0-35-276-311,0,38,1.0,0,13,1.0,SRR5936197
MGYG000003353_115:5191-5207-5371-5387,174,10,0.05,76,4,0.05,SRR5935863
MGYG000003681_1:122681-122694-122744-122757,16,14,0.47,0,4,1.0,SRR5935852
MGYG000003681_35:11391-11413-11699-11721,2,12,0.86,1,4,0.8,SRR5935963
MGYG000003681_40:14525-14541-14732-14748,18,10,0.36,7,5,0.42,SRR5950723
MGYG000003681_40:14525-14541-14732-14748,110,42,0.28,66,24,0.27,SRR5946628
MGYG000003681_40:14525-14541-14732-14748,22,42,0.66,10,19,0.66,SRR5936110
MGYG000003681_40:14525-14541-14732-14748,24,12,0.33,11,7,0.39,SRR5936014
MGYG000003681_40:14525-14541-14732-14748,4,14,0.78,2,6,0.75,SRR5936013
MGYG000003681_40:14525-14541-14732-14748,30,10,0.25,16,6,0.27,SRR5936197
MGYG000003681_40:14525-14541-14732-14748,4,14,0.78,2,7,0.78,SRR5935963
MGYG000003681_5:53482-53512-53546-53576,2,12,0.86,0,4,1.0,SRR5936014
MGYG000003681_5:564-580-636-652,8,16,0.67,4,8,0.67,SRR5936110
MGYG000003681_7:35686-35702-36157-36173,0,10,1.0,0,7,1.0,SRR5946868
MGYG000003681_7:35686-35702-36157-36173,2,12,0.86,2,7,0.78,SRR5936178
MGYG000003681_7:35686-35702-36157-36173,12,112,0.9,4,63,0.94,SRR5946628
MGYG000003681_7:35686-35702-36157-36173,0,18,1.0,0,12,1.0,SRR5947096
MGYG000003681_7:35686-35702-36157-36173,72,18,0.2,38,7,0.16,SRR5936014
MGYG000003681_7:35686-35702-36157-36173,4,18,0.82,1,12,0.92,SRR5935852
MGYG000003681_7:35686-35702-36157-36173,6,6,0.5,4,5,0.56,SRR5935963
MGYG000003681_7:35686-35702-36157-36173,8,16,0.67,3,7,0.7,SRR5935889
MGYG000003686_8:2801-2818-3465-3482,0,16,1.0,0,9,1.0,SRR5935864
MGYG000003765_384:1728-1755-1920-1947,44,46,0.51,17,18,0.51,SRR5950498
MGYG000003765_384:1728-1755-1920-1947,116,12,0.09,50,4,0.07,SRR5946832
MGYG000003765_384:1728-1755-1920-1947,308,12,0.04,141,7,0.05,SRR5936110
MGYG000003765_384:1728-1755-1920-1947,50,12,0.19,29,6,0.17,SRR5946628
MGYG000003937_105:2540-2558-2694-2712,80,76,0.49,0,5,1.0,SRR5947048
MGYG000003937_12:83-114-362-393,0,8,1.0,0,4,1.0,SRR5946762
MGYG000003937_29:17476-17497-17633-17654,2,18,0.9,0,4,1.0,SRR5935963
MGYG000004003_162:37-55-225-243,0,118,1.0,0,56,1.0,SRR5935875
MGYG000004003_162:37-55-225-243,0,116,1.0,0,63,1.0,SRR5935827
MGYG000004003_162:37-55-225-243,0,340,1.0,0,154,1.0,SRR5936110
MGYG000004003_162:37-55-225-243,0,112,1.0,0,45,1.0,SRR5936022
MGYG000004003_162:37-55-225-243,0,62,1.0,0,21,1.0,SRR5950498
MGYG000004003_162:37-55-225-243,0,30,1.0,0,16,1.0,SRR5946628
MGYG000004003_162:37-55-225-243,0,12,1.0,0,9,1.0,SRR5946832
MGYG000004003_162:37-55-225-243,0,178,1.0,0,68,1.0,SRR5950723
MGYG000004003_162:37-55-225-243,0,114,1.0,0,39,1.0,SRR5936009
MGYG000004003_162:37-55-225-243,0,30,1.0,0,10,1.0,SRR5947018
MGYG000004003_162:37-55-225-243,0,36,1.0,0,18,1.0,SRR5936013
MGYG000004003_162:37-55-225-243,0,44,1.0,0,21,1.0,SRR5935963
MGYG000004003_162:37-55-225-243,0,70,1.0,0,36,1.0,SRR5935863
MGYG000004003_162:37-55-225-243,0,16,1.0,0,9,1.0,SRR5935915
MGYG000004003_162:37-55-225-243,0,54,1.0,0,18,1.0,SRR5935852
MGYG000004003_162:37-55-225-243,0,10,1.0,0,5,1.0,SRR5950545
MGYG000004003_162:37-55-225-243,0,48,1.0,0,25,1.0,SRR5935864
MGYG000004003_162:37-55-225-243,0,118,1.0,0,55,1.0,SRR5936197
MGYG000004003_162:37-55-225-243,0,62,1.0,0,28,1.0,SRR5946731
MGYG000004003_162:37-55-225-243,0,86,1.0,0,42,1.0,SRR5946868
MGYG000004003_162:37-55-225-243,0,12,1.0,0,5,1.0,SRR5936057
MGYG000004003_162:37-55-225-243,0,28,1.0,0,11,1.0,SRR5935958
MGYG000004003_162:37-55-225-243,0,68,1.0,0,28,1.0,SRR5946953
MGYG000004003_162:37-55-225-243,0,38,1.0,0,24,1.0,SRR5946987
MGYG000004003_162:37-55-225-243,4,36,0.9,2,13,0.87,SRR5946762
MGYG000004003_162:37-55-225-243,0,48,1.0,0,23,1.0,SRR5935812
MGYG000004003_162:37-55-225-243,0,52,1.0,0,27,1.0,SRR5950704
MGYG000004003_162:37-55-225-243,0,20,1.0,0,7,1.0,SRR5947048
MGYG000004003_162:37-55-225-243,0,80,1.0,0,41,1.0,SRR5946736
MGYG000004003_162:37-55-225-243,0,160,1.0,0,69,1.0,SRR5946743
MGYG000004003_162:37-55-225-243,0,94,1.0,0,52,1.0,SRR5936168
MGYG000004003_50:42803-42825-43074-43096,0,6,1.0,0,4,1.0,SRR5946907
MGYG000004003_50:42803-42825-43074-43096,0,24,1.0,0,10,1.0,SRR5946731
MGYG000004003_89:16782-16798-16832-16848,0,10,1.0,0,10,1.0,SRR5935875
MGYG000004021_14:489-504-668-683,8,22,0.73,3,9,0.75,SRR5936178
MGYG000004090_6:112356-112371-112516-112531,0,6,1.0,0,5,1.0,SRR5936009
MGYG000004348_8:30978-30995-31140-31157,76,36,0.32,31,16,0.34,SRR5935863
MGYG000004348_8:30978-30995-31140-31157,34,30,0.47,17,14,0.45,SRR5936009
MGYG000004481_53:1421-1446-1607-1632,14,12,0.46,6,5,0.45,SRR5946762
MGYG000004481_53:1421-1446-1607-1632,0,16,1.0,0,8,1.0,SRR5946832
MGYG000004481_53:1421-1446-1607-1632,66,10,0.13,37,5,0.12,SRR5936197
MGYG000004481_53:1421-1446-1607-1632,0,24,1.0,0,11,1.0,SRR5946907
MGYG000004481_53:1421-1446-1607-1632,14,10,0.42,8,7,0.47,SRR5935958
MGYG000004481_53:1421-1446-1607-1632,134,16,0.11,83,9,0.1,SRR5936110
MGYG000004481_53:1421-1446-1607-1632,0,26,1.0,0,9,1.0,SRR5936014
MGYG000004481_53:1421-1446-1607-1632,34,10,0.23,22,6,0.21,SRR5936168
MGYG000004481_53:1421-1446-1607-1632,30,10,0.25,17,6,0.26,SRR5936178
MGYG000004481_53:1421-1446-1607-1632,18,18,0.5,7,13,0.65,SRR5947096
MGYG000004481_53:1421-1446-1607-1632,0,10,1.0,0,5,1.0,SRR5935889
MGYG000004481_53:1421-1446-1607-1632,0,16,1.0,0,11,1.0,SRR5935852
MGYG000004481_53:1421-1446-1607-1632,40,20,0.33,24,14,0.37,SRR5935827
MGYG000004481_53:1421-1446-1607-1632,0,40,1.0,0,21,1.0,SRR5936022
MGYG000004481_53:1421-1446-1607-1632,26,8,0.24,18,7,0.28,SRR5935875
MGYG000004481_53:1421-1446-1607-1632,28,8,0.22,17,6,0.26,SRR5950704
MGYG000004481_53:1421-1446-1607-1632,18,8,0.31,10,6,0.38,SRR5935863
MGYG000004481_53:1421-1446-1607-1632,0,10,1.0,0,4,1.0,SRR5947018
MGYG000004481_53:1421-1446-1607-1632,12,8,0.4,6,6,0.5,SRR5947048
MGYG000004481_53:1421-1446-1607-1632,2,8,0.8,1,6,0.86,SRR5946868
MGYG000004481_53:1421-1446-1607-1632,0,36,1.0,0,21,1.0,SRR5935931
MGYG000004481_56:385-409-573-597,0,34,1.0,0,14,1.0,SRR5936197
MGYG000004481_56:385-409-573-597,2,24,0.92,1,11,0.92,SRR5935863
MGYG000004481_56:385-409-573-597,0,28,1.0,0,14,1.0,SRR5936009
MGYG000004481_56:385-409-573-597,34,22,0.39,15,10,0.4,SRR5950704
MGYG000004481_56:385-409-573-597,2,28,0.93,0,14,1.0,SRR5946628
MGYG000004481_56:385-409-573-597,24,6,0.2,8,4,0.33,SRR5950498
MGYG000004491_201:1099-1119-1719-1739,0,10,1.0,0,7,1.0,SRR5946832
MGYG000004496_172:1197-1221-1372-1396,8,8,0.5,0,4,1.0,SRR5946762
MGYG000004544_3:100710-100734-100910-100934,42,76,0.64,12,27,0.69,SRR5946907
MGYG000004544_3:100710-100734-100910-100934,18,10,0.36,7,4,0.36,SRR5947096
MGYG000004544_3:100710-100734-100910-100934,156,42,0.21,52,15,0.22,SRR5946628
MGYG000004544_3:100710-100734-100910-100934,4,16,0.8,2,4,0.67,SRR5936178
MGYG000004544_3:115384-115403-115579-115598,44,8,0.15,12,4,0.25,SRR5946953
MGYG000004544_3:115384-115403-115579-115598,32,10,0.24,16,4,0.2,SRR5936013
MGYG000004544_3:115384-115403-115579-115598,140,8,0.05,53,5,0.09,SRR5946907
MGYG000004544_3:115384-115403-115579-115598,80,6,0.07,30,4,0.12,SRR5935889
MGYG000004544_3:115384-115403-115579-115598,120,50,0.29,42,28,0.4,SRR5935827
MGYG000004610_39:39-55-238-254,0,6,1.0,0,6,1.0,SRR5946743
MGYG000004610_39:39-55-238-254,8,12,0.6,7,9,0.56,SRR5936110
MGYG000004610_39:39-55-238-254,20,12,0.38,9,6,0.4,SRR5935827
MGYG000004656_35:1225-1260-1327-1362,0,10,1.0,0,5,1.0,SRR5946832
MGYG000004658_58:35559-35574-35860-35875,0,28,1.0,0,9,1.0,SRR5935827
MGYG000004658_58:35559-35574-35860-35875,0,20,1.0,0,10,1.0,SRR5946736
MGYG000004658_59:34337-34362-34605-34630,0,10,1.0,0,6,1.0,SRR5946868
MGYG000004658_59:34337-34362-34605-34630,0,22,1.0,0,14,1.0,SRR5935827
MGYG000004658_59:34337-34362-34605-34630,2,20,0.91,1,6,0.86,SRR5935958
MGYG000004658_59:34337-34362-34605-34630,0,10,1.0,0,5,1.0,SRR5946736
MGYG000004741_13:5775-5796-5867-5888,1036,6,0.01,507,5,0.01,SRR5935969
MGYG000004741_257:207-223-586-602,6,18,0.75,3,7,0.7,SRR5935963
MGYG000004741_257:207-223-586-602,2,74,0.97,0,42,1.0,SRR5935875
MGYG000004741_257:207-223-586-602,10,8,0.44,8,5,0.38,SRR5935852
MGYG000004741_257:207-223-586-602,2,22,0.92,0,11,1.0,SRR5946987
MGYG000004741_257:207-223-586-602,4,54,0.93,1,29,0.97,SRR5946731
MGYG000004741_257:207-223-586-602,0,8,1.0,0,5,1.0,SRR5950545
MGYG000004741_257:207-223-586-602,154,170,0.52,78,83,0.52,SRR5936110
MGYG000004741_257:207-223-586-602,4,12,0.75,1,8,0.89,SRR5936057
MGYG000004741_257:207-223-586-602,48,10,0.17,21,5,0.19,SRR5950498
MGYG000004741_257:207-223-586-602,56,8,0.12,23,8,0.26,SRR5946762
MGYG000004741_257:207-223-586-602,20,50,0.71,7,27,0.79,SRR5946736
MGYG000004741_257:207-223-586-602,30,76,0.72,19,31,0.62,SRR5936168
MGYG000004741_257:207-223-586-602,0,12,1.0,0,5,1.0,SRR5936013
MGYG000004741_257:207-223-586-602,84,52,0.38,42,29,0.41,SRR5950723
MGYG000004741_257:207-223-586-602,4,36,0.9,2,19,0.9,SRR5935812
MGYG000004741_257:207-223-586-602,0,62,1.0,0,33,1.0,SRR5936197
MGYG000004741_257:207-223-586-602,6,32,0.84,5,20,0.8,SRR5946628
MGYG000004741_257:207-223-586-602,38,56,0.6,20,29,0.59,SRR5935827
MGYG000004741_257:207-223-586-602,24,12,0.33,10,4,0.29,SRR5946868
MGYG000004753_6:69836-69857-69928-69949,354,6,0.02,203,5,0.02,SRR5935969
MGYG000004797_5:81678-81707-81851-81880,2,84,0.98,0,38,1.0,SRR5936022
MGYG000004797_5:81678-81707-81851-81880,2,28,0.93,1,12,0.92,SRR5935875
MGYG000004797_5:81678-81707-81851-81880,0,56,1.0,0,21,1.0,SRR5946743
MGYG000004797_5:81678-81707-81851-81880,0,26,1.0,0,12,1.0,SRR5935852
MGYG000004797_5:81678-81707-81851-81880,8,14,0.64,0,5,1.0,SRR5950498
MGYG000004797_5:81678-81707-81851-81880,0,20,1.0,0,7,1.0,SRR5946953
MGYG000004797_5:81678-81707-81851-81880,0,8,1.0,0,4,1.0,SRR5946832
MGYG000004797_5:81678-81707-81851-81880,2,12,0.86,1,4,0.8,SRR5946868
MGYG000004797_5:81678-81707-81851-81880,6,10,0.62,0,4,1.0,SRR5946987
MGYG000004797_5:81678-81707-81851-81880,0,20,1.0,0,12,1.0,SRR5947096
MGYG000004797_5:81678-81707-81851-81880,0,14,1.0,0,8,1.0,SRR5935931
MGYG000004797_62:687-714-879-906,44,48,0.52,17,18,0.51,SRR5950498
MGYG000004797_62:687-714-879-906,50,12,0.19,29,6,0.17,SRR5946628
MGYG000004797_62:687-714-879-906,116,12,0.09,50,4,0.07,SRR5946832
MGYG000004797_62:687-714-879-906,308,12,0.04,141,7,0.05,SRR5936110
MGYG000004797_72:20631-20647-20761-20777,4,22,0.85,1,8,0.89,SRR5935958
MGYG000004879_163:1423-1435-2039-2051,0,16,1.0,0,5,1.0,SRR5946762
