tip	group
MGYG000000001	3
MGYG000000002	4
MGYG000001758	2
MGYG000000201	4
MGYG000000623	3
MGYG000000184	4
MGYG000000200	4
MGYG000001189	2
MGYG000001338	4
MGYG000004785	3
MGYG000000213	4
MGYG000002312	4
MGYG000000133	4
MGYG000000301	3
MGYG000000966	3
MGYG000004623	3
MGYG000001594	3
MGYG000000171	4
MGYG000000252	4
MGYG000000212	4
MGYG000002298	4
MGYG000004733	4
MGYG000002985	3
MGYG000002966	4
MGYG000003822	1
MGYG000000806	3
MGYG000001224	3
MGYG000003821	3
MGYG000003012	4
MGYG000000050	4
MGYG000000031	4
MGYG000000263	4
MGYG000000142	4
MGYG000000216	4
MGYG000004269	3
MGYG000002837	4
MGYG000000035	3
MGYG000000119	4
MGYG000002738	4
MGYG000004747	3
MGYG000000913	2
MGYG000000990	3
MGYG000001704	3
MGYG000001602	0
MGYG000004903	3
MGYG000002149	4
MGYG000003326	3
MGYG000001596	4
MGYG000003771	4
MGYG000002212	4
MGYG000002215	4
MGYG000002756	4
MGYG000000123	4
MGYG000001689	4
MGYG000002437	4
MGYG000002286	4
MGYG000002475	4
MGYG000004869	4
MGYG000000251	4
MGYG000003676	1
MGYG000002835	4
MGYG000004233	3
MGYG000002276	4
MGYG000002655	1
MGYG000003192	4
MGYG000001187	2
MGYG000001690	4
MGYG000002186	3
MGYG000003695	0
MGYG000004296	2
MGYG000000092	4
MGYG000000137	4
MGYG000004735	3
MGYG000002025	3
MGYG000002210	3
MGYG000003594	3
MGYG000004589	3
MGYG000004764	2
MGYG000001698	4
MGYG000001873	2
MGYG000001988	4
MGYG000002277	4
MGYG000002989	3
MGYG000004712	1
MGYG000000135	4
MGYG000000287	4
MGYG000001063	4
MGYG000003147	4
MGYG000002403	4
MGYG000002785	1
MGYG000002216	3
MGYG000000140	4
MGYG000004140	3
MGYG000004693	2
MGYG000001004	3
MGYG000001027	2
MGYG000001219	2
MGYG000001748	4
MGYG000002271	4
MGYG000003335	3
MGYG000004839	3
MGYG000000051	4
MGYG000001178	0
MGYG000002029	1
MGYG000003783	3
MGYG000004630	4
MGYG000000141	4
MGYG000000359	2
MGYG000002304	4
MGYG000003427	3
MGYG000000066	4
MGYG000000095	4
MGYG000000378	2
MGYG000000038	3
MGYG000002279	3
MGYG000002992	2
MGYG000000146	4
MGYG000000229	3
MGYG000001072	2
MGYG000001687	1
MGYG000000987	3
MGYG000002393	4
MGYG000002202	2
MGYG000004263	3
MGYG000001303	4
MGYG000001607	1
MGYG000000165	4
MGYG000001496	4
MGYG000001710	4
MGYG000000067	4
MGYG000000206	2
MGYG000002145	2
MGYG000002376	4
MGYG000004572	2
MGYG000002845	3
MGYG000002949	4
MGYG000000159	3
MGYG000002290	0
MGYG000000181	3
MGYG000003706	1
MGYG000001315	3
MGYG000002234	3
MGYG000004689	2
MGYG000002945	4
MGYG000000164	3
MGYG000000175	4
MGYG000001499	4
MGYG000001368	4
MGYG000000176	4
MGYG000003777	2
MGYG000003715	4
MGYG000001380	4
MGYG000003065	2
MGYG000000249	3
MGYG000002772	3
MGYG000001310	3
MGYG000000545	1
MGYG000001018	3
MGYG000001810	3
MGYG000001210	3
MGYG000004609	2
MGYG000001374	3
MGYG000003984	1
MGYG000002150	1
MGYG000004558	4
MGYG000002596	2
MGYG000003245	2
MGYG000001528	3
MGYG000002838	4
MGYG000000268	4
MGYG000001379	4
MGYG000001994	2
MGYG000004799	2
MGYG000000148	2
MGYG000001005	2
MGYG000001566	1
MGYG000004842	1
MGYG000001373	2
MGYG000003148	1
MGYG000000859	3
MGYG000001439	3
MGYG000000041	4
MGYG000004250	3
MGYG000000217	4
MGYG000002247	3
MGYG000001964	3
MGYG000000583	2
MGYG000000621	3
MGYG000000417	4
MGYG000003661	3
MGYG000004203	2
MGYG000001876	4
MGYG000000532	3
MGYG000001965	2
MGYG000002140	3
MGYG000000325	3
MGYG000003678	2
MGYG000004114	3
MGYG000002657	3
MGYG000002141	2
MGYG000003486	3
MGYG000002285	4
MGYG000002256	2
MGYG000000600	3
MGYG000003615	4
MGYG000003422	1
MGYG000003578	3
MGYG000004039	3
MGYG000004169	2
MGYG000000312	2
MGYG000003834	3
MGYG000003702	4
MGYG000002148	4
MGYG000001615	4
MGYG000002267	4
MGYG000002330	4
MGYG000003684	4
MGYG000001809	4
MGYG000003063	4
MGYG000004136	4
MGYG000003613	3
MGYG000003619	3
MGYG000001814	4
MGYG000004431	4
MGYG000003517	3
MGYG000003648	4
MGYG000000515	2
MGYG000000886	2
MGYG000001970	3
MGYG000004593	3
MGYG000000361	1
MGYG000000058	4
MGYG000004740	2
MGYG000000969	2
MGYG000002278	4
MGYG000001456	0
MGYG000000280	2
MGYG000004548	2
MGYG000004082	3
MGYG000002531	4
MGYG000003616	1
MGYG000000076	4
MGYG000000245	4
MGYG000000546	3
MGYG000000389	2
MGYG000000271	4
MGYG000004271	3
MGYG000004719	2
MGYG000002517	4
MGYG000003892	2
MGYG000000997	2
MGYG000003644	1
MGYG000002046	1
MGYG000004752	1
MGYG000000136	4
MGYG000004403	2
MGYG000000543	3
MGYG000001637	2
MGYG000004414	2
MGYG000003694	4
MGYG000000489	2
MGYG000001186	3
MGYG000002492	4
MGYG000002670	2
MGYG000000356	3
MGYG000000153	3
MGYG000000154	3
MGYG000000626	2
MGYG000003215	3
MGYG000000404	1
MGYG000001811	1
MGYG000000574	4
MGYG000003970	3
MGYG000000387	3
MGYG000000030	4
MGYG000004382	3
MGYG000000139	3
MGYG000000169	3
MGYG000000208	3
MGYG000000204	3
MGYG000001645	3
MGYG000001032	1
MGYG000004055	2
MGYG000001141	3
MGYG000003954	2
MGYG000000060	4
MGYG000000187	3
MGYG000000078	4
MGYG000002552	4
MGYG000002580	4
MGYG000004381	3
MGYG000000638	2
MGYG000004317	2
MGYG000001998	2
MGYG000000562	3
MGYG000002559	3
MGYG000004385	3
MGYG000001193	1
MGYG000003149	1
MGYG000001314	3
MGYG000004879	4
MGYG000000484	2
MGYG000003640	1
MGYG000003500	1
MGYG000001319	2
MGYG000002131	2
MGYG000004369	3
MGYG000002609	4
MGYG000003925	4
MGYG000000032	4
MGYG000000150	4
MGYG000000145	4
MGYG000000152	4
MGYG000001571	4
MGYG000004680	4
MGYG000001688	4
MGYG000002439	4
MGYG000000087	4
MGYG000004677	4
MGYG000002226	1
MGYG000000205	4
MGYG000000233	4
MGYG000004582	3
MGYG000000255	3
MGYG000001199	4
MGYG000002628	3
MGYG000004604	2
MGYG000001367	4
MGYG000001617	4
MGYG000002445	4
MGYG000002170	3
MGYG000003074	2
MGYG000002483	4
MGYG000002136	3
MGYG000000172	4
MGYG000002328	4
MGYG000002946	4
MGYG000002995	4
MGYG000002829	4
MGYG000001606	4
MGYG000001954	4
MGYG000000179	4
MGYG000001311	4
MGYG000000198	4
MGYG000004087	3
MGYG000000650	3
MGYG000001045	4
MGYG000001386	4
MGYG000001564	4
MGYG000001493	4
MGYG000000242	4
MGYG000000774	4
MGYG000001246	4
MGYG000001065	0
MGYG000001531	4
MGYG000001250	2
MGYG000001622	4
MGYG000001971	4
MGYG000003593	0
MGYG000001247	3
MGYG000004774	3
MGYG000001603	2
MGYG000000281	4
MGYG000002417	4
MGYG000001251	4
MGYG000001952	3
MGYG000000194	4
MGYG000004855	3
MGYG000000259	3
MGYG000000274	4
MGYG000002280	4
MGYG000004691	2
MGYG000000909	3
MGYG000001619	3
MGYG000000278	4
MGYG000000680	2
MGYG000004660	2
MGYG000000539	3
MGYG000003442	3
MGYG000002243	2
MGYG000003597	3
MGYG000002658	3
MGYG000003009	1
MGYG000003013	3
MGYG000000578	1
MGYG000002052	1
MGYG000003001	2
MGYG000003779	1
MGYG000003786	2
MGYG000002522	4
MGYG000003381	3
MGYG000002638	2
MGYG000003366	3
MGYG000000193	4
MGYG000004884	4
MGYG000000118	3
MGYG000000202	4
MGYG000004519	2
MGYG000002075	0
MGYG000000346	2
MGYG000000209	3
MGYG000001848	2
MGYG000001777	2
MGYG000004697	2
MGYG000003949	3
MGYG000001652	2
MGYG000003936	1
MGYG000004132	3
MGYG000004210	2
MGYG000000250	4
MGYG000001831	4
MGYG000002633	3
MGYG000002292	0
MGYG000000282	3
MGYG000000398	3
MGYG000002297	3
MGYG000001254	3
MGYG000000586	1
MGYG000003273	1
MGYG000001076	4
MGYG000001543	4
MGYG000003769	4
MGYG000003355	4
MGYG000002836	4
MGYG000002963	4
MGYG000004891	4
MGYG000002464	4
MGYG000000127	4
MGYG000004762	3
MGYG000001252	2
MGYG000003867	2
MGYG000001683	2
MGYG000002974	2
MGYG000001955	0
MGYG000003828	2
MGYG000001961	1
MGYG000004552	2
MGYG000001714	4
MGYG000004581	3
MGYG000000018	3
MGYG000000364	3
MGYG000003165	2
MGYG000001745	3
MGYG000000231	3
MGYG000000189	3
MGYG000001707	3
MGYG000003239	3
MGYG000002289	2
MGYG000000190	3
MGYG000003552	2
MGYG000000625	2
MGYG000000501	2
MGYG000003458	2
MGYG000003425	4
MGYG000000627	2
MGYG000001855	2
MGYG000000864	0
MGYG000001793	2
MGYG000000514	3
MGYG000000685	3
MGYG000000690	3
MGYG000001797	4
MGYG000003929	3
MGYG000004380	2
MGYG000000721	2
MGYG000000028	2
MGYG000000065	3
MGYG000002528	4
MGYG000001087	4
MGYG000004359	2
MGYG000000687	2
MGYG000000052	3
MGYG000000080	3
MGYG000000988	3
MGYG000000077	4
MGYG000000262	4
MGYG000002018	2
MGYG000002693	3
MGYG000000991	4
MGYG000004781	4
MGYG000001033	1
MGYG000001728	1
MGYG000002126	1
MGYG000004224	1
MGYG000003214	4
MGYG000004775	3
MGYG000000016	2
MGYG000001820	2
MGYG000002791	1
MGYG000001862	2
MGYG000003647	1
MGYG000002623	3
MGYG000004718	2
MGYG000000177	2
MGYG000000420	2
MGYG000002626	2
MGYG000004847	2
MGYG000004642	1
MGYG000004285	2
MGYG000001118	1
MGYG000004870	1
MGYG000000286	1
MGYG000004547	2
MGYG000000967	1
MGYG000001183	2
MGYG000004634	2
MGYG000001833	2
MGYG000001660	2
MGYG000001160	2
MGYG000002602	2
MGYG000004067	2
MGYG000004429	3
MGYG000000555	3
MGYG000000919	4
MGYG000000989	4
MGYG000000004	4
MGYG000003876	4
MGYG000004618	4
MGYG000000131	4
MGYG000000689	2
MGYG000004111	2
MGYG000002102	2
MGYG000003311	2
MGYG000004663	3
MGYG000001611	2
MGYG000002039	2
MGYG000002689	2
MGYG000003299	1
MGYG000001057	2
MGYG000003895	1
MGYG000004644	3
MGYG000002129	1
MGYG000003854	2
MGYG000002625	2
MGYG000002410	4
MGYG000000466	2
MGYG000000663	3
MGYG000002677	1
MGYG000002684	2
MGYG000002708	3
MGYG000000034	2
MGYG000001725	3
MGYG000001808	1
MGYG000003238	1
MGYG000001597	3
MGYG000000450	4
MGYG000002089	1
MGYG000000537	3
MGYG000004849	4
MGYG000004184	2
MGYG000004646	1
MGYG000001332	4
MGYG000001560	0
MGYG000003313	2
MGYG000003838	2
MGYG000003911	1
MGYG000004022	2
MGYG000000072	3
MGYG000004471	2
MGYG000001756	3
MGYG000004304	1
MGYG000001375	3
MGYG000000605	2
MGYG000001151	3
MGYG000004586	3
MGYG000003337	3
MGYG000001021	3
MGYG000002295	4
MGYG000002573	3
MGYG000004275	3
MGYG000001129	2
MGYG000003583	3
MGYG000000959	3
MGYG000001681	3
MGYG000003005	3
MGYG000004384	2
MGYG000002230	2
MGYG000004057	1
MGYG000001757	2
MGYG000004598	2
MGYG000002881	1
MGYG000004854	3
MGYG000001940	0
MGYG000003431	2
MGYG000004347	1
MGYG000004517	3
MGYG000000089	3
MGYG000000424	4
MGYG000000510	3
MGYG000001987	4
MGYG000002264	3
MGYG000003858	3
MGYG000004612	3
MGYG000000517	3
MGYG000002221	2
MGYG000000867	1
MGYG000001649	2
MGYG000004587	3
MGYG000001865	1
MGYG000001202	3
MGYG000002321	4
MGYG000003162	1
MGYG000004282	2
MGYG000001798	2
MGYG000001908	3
MGYG000002880	2
MGYG000003587	1
MGYG000003104	2
MGYG000003826	2
MGYG000004244	2
MGYG000000362	3
MGYG000000487	4
MGYG000000561	3
MGYG000002056	3
MGYG000000892	3
MGYG000002008	0
MGYG000003496	2
MGYG000003421	4
MGYG000001887	0
MGYG000003844	3
MGYG000003927	2
MGYG000002530	3
MGYG000003494	2
MGYG000002661	3
MGYG000003319	1
MGYG000002965	1
MGYG000000022	4
MGYG000004679	1
MGYG000004340	3
MGYG000000039	4
MGYG000000195	4
MGYG000003675	4
MGYG000002040	3
MGYG000002545	4
MGYG000002274	4
MGYG000000512	2
MGYG000000876	2
MGYG000001300	0
MGYG000002610	3
MGYG000002641	4
MGYG000002619	4
MGYG000002651	3
MGYG000002223	3
MGYG000002809	3
MGYG000000589	3
MGYG000003899	3
MGYG000003291	3
MGYG000001255	3
MGYG000002272	4
MGYG000003166	3
MGYG000004336	3
MGYG000003323	2
MGYG000002224	3
MGYG000000084	4
MGYG000000724	3
MGYG000001157	4
MGYG000002059	3
MGYG000003921	4
MGYG000001627	3
MGYG000004866	4
MGYG000000573	3
MGYG000001015	1
MGYG000001322	4
MGYG000003042	3
MGYG000001761	3
MGYG000003937	3
MGYG000000920	4
MGYG000001205	4
MGYG000004732	4
MGYG000004700	3
MGYG000000636	4
MGYG000002037	3
MGYG000002105	2
MGYG000001527	4
MGYG000002017	1
MGYG000002780	4
MGYG000004126	4
MGYG000002155	4
MGYG000004143	4
MGYG000004791	4
MGYG000003682	4
MGYG000000319	2
MGYG000001106	2
MGYG000000425	1
MGYG000004104	2
MGYG000001454	4
MGYG000002546	4
MGYG000000036	3
MGYG000000402	1
MGYG000000258	2
MGYG000002482	3
MGYG000000392	2
MGYG000003112	1
MGYG000002263	2
MGYG000004520	2
MGYG000004334	2
MGYG000001082	2
MGYG000002303	3
MGYG000002570	2
MGYG000003990	2
MGYG000000924	2
MGYG000000937	2
MGYG000002736	2
MGYG000002159	2
MGYG000002194	2
MGYG000001685	2
MGYG000003889	2
MGYG000003932	2
MGYG000004555	2
MGYG000000505	1
MGYG000000607	1
MGYG000001206	1
MGYG000003667	1
MGYG000000972	1
MGYG000001125	1
MGYG000004496	1
MGYG000003453	1
MGYG000001801	1
MGYG000004322	0
MGYG000001901	1
MGYG000004437	1
MGYG000003581	3
MGYG000000069	3
MGYG000003872	3
MGYG000003768	1
MGYG000002702	3
MGYG000000295	3
MGYG000001467	4
MGYG000002420	3
MGYG000003055	1
MGYG000004115	2
MGYG000004236	2
MGYG000004873	1
MGYG000001069	0
MGYG000001570	1
MGYG000001749	4
MGYG000002857	3
MGYG000003863	3
MGYG000002416	4
MGYG000001476	4
MGYG000002934	3
MGYG000002135	3
MGYG000003004	2
MGYG000000316	2
MGYG000001081	4
MGYG000001169	2
MGYG000004723	3
MGYG000002233	3
MGYG000004129	4
MGYG000004807	4
MGYG000001212	2
MGYG000001781	2
MGYG000002192	2
MGYG000001979	1
MGYG000004616	3
MGYG000001539	4
MGYG000001760	4
MGYG000004815	4
MGYG000004887	2
MGYG000003656	3
MGYG000004727	1
MGYG000004850	2
MGYG000000390	2
MGYG000002038	4
MGYG000003855	1
MGYG000000129	3
MGYG000003841	1
MGYG000000388	3
MGYG000004159	4
MGYG000002697	3
MGYG000002709	2
MGYG000004076	1
MGYG000002694	2
MGYG000003211	2
MGYG000004116	4
MGYG000004075	4
MGYG000004889	4
MGYG000001654	4
MGYG000002705	4
MGYG000002711	4
MGYG000003236	4
MGYG000004146	3
MGYG000004779	4
MGYG000001936	3
MGYG000002093	3
MGYG000002128	2
MGYG000003296	3
MGYG000002031	3
MGYG000004106	3
MGYG000003278	3
MGYG000003629	1
MGYG000003412	4
MGYG000003160	2
MGYG000004892	2
MGYG000003916	3
MGYG000004292	2
MGYG000000379	2
MGYG000003054	1
MGYG000002019	2
MGYG000002227	2
MGYG000001799	1
MGYG000002232	2
MGYG000000453	2
MGYG000004099	2
MGYG000003161	2
MGYG000001956	2
MGYG000000943	1
MGYG000003241	2
MGYG000003842	2
MGYG000004690	1
MGYG000000443	1
MGYG000001569	2
MGYG000004392	1
MGYG000003430	1
MGYG000001230	1
MGYG000002807	1
MGYG000002262	1
MGYG000002771	1
MGYG000004643	2
MGYG000000646	2
MGYG000002260	2
MGYG000001737	2
MGYG000001098	2
MGYG000003437	2
MGYG000001572	1
MGYG000003156	2
MGYG000000395	1
MGYG000001029	2
MGYG000002848	1
MGYG000003176	2
MGYG000000669	2
MGYG000001769	2
MGYG000003488	2
MGYG000004413	2
MGYG000002805	2
MGYG000000723	2
MGYG000004256	2
MGYG000003591	0
MGYG000003641	2
MGYG000002001	3
MGYG000003524	1
MGYG000001037	2
MGYG000003576	2
MGYG000002258	2
MGYG000003484	3
MGYG000002246	1
MGYG000003432	3
MGYG000003510	2
MGYG000003473	2
MGYG000003153	2
MGYG000003628	1
MGYG000003307	2
MGYG000000726	1
MGYG000004027	2
MGYG000003059	2
MGYG000003752	2
MGYG000003171	2
MGYG000003428	2
MGYG000004323	2
MGYG000003545	1
MGYG000003557	1
MGYG000000809	3
MGYG000002980	2
MGYG000002228	3
MGYG000003987	3
MGYG000002196	3
MGYG000001912	1
MGYG000004265	3
MGYG000003809	1
MGYG000000383	1
MGYG000003471	1
MGYG000000457	2
MGYG000000752	4
MGYG000002257	3
MGYG000001244	2
MGYG000001146	2
MGYG000004194	3
MGYG000000992	1
MGYG000001984	2
MGYG000004543	1
MGYG000004560	3
MGYG000004531	1
MGYG000002984	1
MGYG000004470	2
MGYG000000518	2
MGYG000003538	1
MGYG000001837	1
MGYG000003509	1
MGYG000003555	1
MGYG000000704	3
MGYG000001116	3
MGYG000003243	2
MGYG000003947	1
MGYG000000935	2
MGYG000001860	2
MGYG000000932	2
MGYG000001766	1
MGYG000003547	1
MGYG000003955	1
MGYG000002147	1
MGYG000004032	1
MGYG000000456	2
MGYG000002553	1
MGYG000004049	2
MGYG000004131	1
MGYG000004279	2
MGYG000003887	1
MGYG000004229	2
MGYG000000059	4
MGYG000003309	1
MGYG000000090	4
MGYG000004832	3
MGYG000002103	2
MGYG000000178	4
MGYG000000070	4
MGYG000000086	4
MGYG000002006	4
MGYG000003327	4
MGYG000000550	4
MGYG000001356	4
MGYG000002588	3
MGYG000004628	4
MGYG000001598	3
MGYG000001500	4
MGYG000004811	1
MGYG000000071	4
MGYG000004726	4
MGYG000002953	4
MGYG000000099	4
MGYG000003770	4
MGYG000003869	3
MGYG000002707	4
MGYG000004074	3
MGYG000000910	1
MGYG000002035	3
MGYG000001502	4
MGYG000004068	3
MGYG000001592	4
MGYG000002828	3
MGYG000002340	4
MGYG000001958	2
MGYG000002944	4
MGYG000004142	2
MGYG000000339	2
MGYG000002673	3
MGYG000003975	3
MGYG000004725	3
MGYG000003600	1
MGYG000000739	3
MGYG000001225	2
MGYG000002448	3
MGYG000004163	4
MGYG000004736	2
MGYG000001238	3
MGYG000000377	3
MGYG000002068	3
MGYG000002776	1
MGYG000001204	2
MGYG000003860	2
MGYG000003950	0
MGYG000004252	2
MGYG000000474	3
MGYG000000837	2
MGYG000002057	2
MGYG000002617	2
MGYG000000841	0
MGYG000004784	2
MGYG000002114	3
MGYG000004683	4
MGYG000000808	3
MGYG000002680	4
MGYG000002327	4
MGYG000001949	2
MGYG000001983	3
MGYG000002704	4
MGYG000000921	3
MGYG000002682	3
MGYG000001742	4
MGYG000001576	4
MGYG000002229	4
MGYG000003589	4
MGYG000001616	4
MGYG000002691	4
MGYG000003910	3
MGYG000002964	2
MGYG000002727	4
MGYG000000703	3
MGYG000004463	4
MGYG000004028	3
MGYG000004525	3
MGYG000000713	2
MGYG000002090	1
MGYG000000877	2
MGYG000001824	2
MGYG000002156	3
MGYG000004487	3
MGYG000002143	3
MGYG000002144	2
MGYG000002720	2
MGYG000004004	2
MGYG000002794	2
MGYG000004376	3
MGYG000004475	2
MGYG000002095	1
MGYG000001733	2
MGYG000002595	1
MGYG000002612	2
MGYG000004412	2
MGYG000002724	2
MGYG000004092	2
MGYG000002882	3
MGYG000004196	2
MGYG000002926	2
MGYG000004071	3
MGYG000000753	2
MGYG000004206	3
MGYG000002116	2
MGYG000004482	2
MGYG000004165	2
MGYG000004489	3
MGYG000004276	3
MGYG000003686	4
MGYG000002715	3
MGYG000004831	2
MGYG000001286	4
MGYG000003819	3
MGYG000002213	3
MGYG000002840	3
MGYG000002726	2
MGYG000000334	3
MGYG000002154	4
MGYG000004575	3
MGYG000004833	3
MGYG000001723	3
MGYG000000938	4
MGYG000004557	4
MGYG000002152	4
MGYG000001174	4
MGYG000002841	3
MGYG000003820	3
MGYG000000368	1
MGYG000002656	1
MGYG000002716	2
MGYG000000729	2
MGYG000004672	2
MGYG000001919	2
MGYG000004388	2
MGYG000001166	2
MGYG000001650	1
MGYG000004327	1
MGYG000004200	2
MGYG000004486	2
MGYG000002667	2
MGYG000000746	2
MGYG000002084	2
MGYG000003825	2
MGYG000004130	2
MGYG000001028	1
MGYG000003877	1
MGYG000001192	3
MGYG000004062	3
MGYG000002802	2
MGYG000003668	3
MGYG000001049	2
MGYG000004139	2
MGYG000001243	3
MGYG000003938	3
MGYG000003978	3
MGYG000004059	2
MGYG000001947	3
MGYG000002874	3
MGYG000000884	3
MGYG000001565	3
MGYG000004526	3
MGYG000002753	1
MGYG000001136	3
MGYG000001046	2
MGYG000002026	1
MGYG000004803	1
MGYG000000709	1
MGYG000000735	3
MGYG000002036	2
MGYG000001155	3
MGYG000004137	4
MGYG000002696	3
MGYG000000369	3
MGYG000002710	3
MGYG000000883	2
MGYG000002034	3
MGYG000004818	2
MGYG000000370	4
MGYG000002993	0
MGYG000003664	4
MGYG000001632	3
MGYG000002085	4
MGYG000000651	4
MGYG000001841	2
MGYG000000741	4
MGYG000004248	3
MGYG000004702	2
MGYG000000500	3
MGYG000002254	3
MGYG000002589	4
MGYG000003884	2
MGYG000000743	3
MGYG000004262	4
MGYG000002124	3
MGYG000003057	2
MGYG000003269	2
MGYG000003409	3
MGYG000001754	2
MGYG000002601	3
MGYG000003824	3
MGYG000004201	3
MGYG000003574	4
MGYG000003561	0
MGYG000003293	2
MGYG000002042	3
MGYG000001109	4
MGYG000004341	3
MGYG000003658	3
MGYG000000691	3
MGYG000002238	3
MGYG000002795	3
MGYG000001228	3
MGYG000002255	3
MGYG000002250	3
MGYG000001969	2
MGYG000003571	1
MGYG000003263	3
MGYG000000710	3
MGYG000000715	3
MGYG000002115	2
MGYG000002045	2
MGYG000004745	1
MGYG000002060	4
MGYG000000736	2
MGYG000003850	1
MGYG000002073	2
MGYG000001226	3
MGYG000003980	3
MGYG000004897	3
MGYG000004686	4
MGYG000002067	2
MGYG000002071	2
MGYG000003297	1
MGYG000003289	1
MGYG000000068	4
MGYG000000838	2
MGYG000002138	3
MGYG000003909	3
MGYG000004135	1
MGYG000002863	2
MGYG000000185	4
MGYG000002127	1
MGYG000001115	3
MGYG000002287	4
MGYG000001434	4
MGYG000002718	3
MGYG000003907	1
MGYG000001120	2
MGYG000000220	4
MGYG000002627	3
MGYG000002604	2
MGYG000004122	3
MGYG000001891	1
MGYG000002091	2
MGYG000004438	4
MGYG000003305	1
MGYG000004787	2
MGYG000004857	1
MGYG000002061	3
MGYG000004709	4
MGYG000004802	1
MGYG000000328	2
MGYG000004113	3
MGYG000003219	2
MGYG000000386	2
MGYG000002672	3
MGYG000004030	3
MGYG000004353	1
MGYG000002723	3
MGYG000002810	3
MGYG000003996	2
MGYG000002872	4
MGYG000003966	2
MGYG000000350	1
MGYG000003959	2
MGYG000003601	1
MGYG000000416	3
MGYG000000490	4
MGYG000000440	4
MGYG000003456	4
MGYG000001821	3
MGYG000001765	2
MGYG000003306	3
MGYG000000719	2
MGYG000001934	2
MGYG000000520	2
MGYG000003582	0
MGYG000001905	1
MGYG000001879	1
MGYG000003997	2
MGYG000000371	2
MGYG000000405	3
MGYG000000647	3
MGYG000004624	1
MGYG000000352	1
MGYG000003964	2
MGYG000003450	3
MGYG000004722	2
MGYG000003840	1
MGYG000000516	3
MGYG000002047	3
MGYG000004214	3
MGYG000000900	2
MGYG000003839	1
MGYG000004098	2
MGYG000000454	1
MGYG000000468	4
MGYG000002123	4
MGYG000004436	1
MGYG000003963	2
MGYG000004024	1
MGYG000004035	2
MGYG000004810	1
MGYG000002245	1
MGYG000003973	3
MGYG000000463	1
MGYG000002261	1
MGYG000003465	2
MGYG000001913	2
MGYG000000508	2
MGYG000000750	2
MGYG000003084	2
MGYG000002676	3
MGYG000004472	3
MGYG000003070	2
MGYG000004503	2
MGYG000001133	1
MGYG000004246	2
MGYG000003979	3
MGYG000000366	4
MGYG000000476	4
MGYG000004231	3
MGYG000004783	2
MGYG000000481	3
MGYG000004108	3
MGYG000002913	3
MGYG000000615	2
MGYG000001764	2
MGYG000003207	1
MGYG000002004	1
MGYG000004081	4
MGYG000004125	3
MGYG000003529	2
MGYG000000894	1
MGYG000001271	0
MGYG000004145	2
MGYG000002695	1
MGYG000001869	1
MGYG000004033	1
MGYG000001818	1
MGYG000004124	1
MGYG000003220	1
MGYG000001909	2
MGYG000004089	1
MGYG000004760	1
MGYG000002005	2
MGYG000002698	1
MGYG000004100	1
MGYG000000033	3
MGYG000000587	1
MGYG000002758	2
MGYG000000403	2
MGYG000004881	2
MGYG000002713	3
MGYG000001000	2
MGYG000004845	2
MGYG000001732	2
MGYG000001101	1
MGYG000002251	1
MGYG000003595	0
MGYG000001024	2
MGYG000004085	1
MGYG000004128	2
MGYG000000820	3
MGYG000002685	3
MGYG000004064	3
MGYG000000495	2
MGYG000002252	1
MGYG000003468	1
MGYG000004223	3
MGYG000004072	3
MGYG000000674	2
MGYG000004439	2
MGYG000001902	1
MGYG000004826	1
MGYG000003943	2
MGYG000004193	2
MGYG000004243	1
MGYG000002683	4
MGYG000000706	2
MGYG000001222	2
MGYG000001220	1
MGYG000001817	2
MGYG000004036	4
MGYG000003560	1
MGYG000002132	1
MGYG000004707	1
MGYG000002424	3
MGYG000004144	1
MGYG000004164	2
MGYG000001903	2
MGYG000003068	1
MGYG000001671	4
MGYG000001896	0
MGYG000004109	2
MGYG000002719	3
MGYG000004133	2
MGYG000004157	2
MGYG000000365	1
MGYG000000738	1
MGYG000004453	1
MGYG000003086	1
MGYG000003280	1
MGYG000001185	1
MGYG000001031	1
MGYG000001110	1
MGYG000004411	1
MGYG000000375	1
MGYG000000903	1
MGYG000004800	1
MGYG000000432	1
MGYG000002581	1
MGYG000000857	0
MGYG000001942	1
MGYG000000449	1
MGYG000000791	1
MGYG000001825	1
MGYG000001182	0
MGYG000004191	1
MGYG000001989	1
MGYG000004047	1
MGYG000003977	1
MGYG000004458	1
MGYG000004494	1
MGYG000004405	1
MGYG000000382	1
MGYG000000950	1
MGYG000004222	1
MGYG000001739	1
MGYG000004212	1
MGYG000003939	1
MGYG000000421	1
MGYG000000494	1
MGYG000000656	1
MGYG000003942	1
MGYG000003284	1
MGYG000003481	1
MGYG000004103	1
MGYG000000384	1
MGYG000002572	1
MGYG000000982	1
MGYG000004357	1
MGYG000001216	1
MGYG000001256	1
MGYG000004005	1
MGYG000004119	1
MGYG000000372	1
MGYG000004155	1
MGYG000000929	1
MGYG000004477	1
MGYG000004794	1
MGYG000001746	1
MGYG000004078	1
MGYG000004319	1
MGYG000004539	1
MGYG000004771	1
MGYG000000665	1
MGYG000004260	1
MGYG000004657	1
MGYG000001991	1
MGYG000000732	1
MGYG000002773	1
MGYG000004350	1
MGYG000000945	1
MGYG000004449	1
MGYG000004534	1
MGYG000004685	1
MGYG000002177	1
MGYG000002241	1
MGYG000004192	1
MGYG000004452	1
MGYG000000976	1
MGYG000004904	1
MGYG000002583	1
MGYG000002180	1
MGYG000001967	1
MGYG000004195	1
MGYG000004237	1
MGYG000001646	1
MGYG000002798	1
MGYG000004515	1
MGYG000004594	1
MGYG000002797	1
MGYG000002201	1
MGYG000000482	1
MGYG000001861	1
MGYG000001175	1
MGYG000004540	1
MGYG000002266	1
MGYG000000423	1
MGYG000003058	1
MGYG000004073	1
MGYG000003501	2
MGYG000000948	1
MGYG000002811	1
MGYG000001195	1
MGYG000000521	1
MGYG000001677	1
MGYG000003974	1
MGYG000001647	1
MGYG000001883	1
MGYG000004178	1
MGYG000004311	1
MGYG000003110	1
MGYG000003669	1
MGYG000003749	1
MGYG000003781	1
MGYG000000477	1
MGYG000002571	1
MGYG000000609	1
MGYG000004215	1
MGYG000001922	1
MGYG000004427	1
MGYG000003935	1
MGYG000004000	0
MGYG000004306	1
MGYG000004446	1
MGYG000002769	1
MGYG000002237	1
MGYG000000373	3
MGYG000001016	3
MGYG000000455	2
MGYG000001673	3
MGYG000001779	3
MGYG000000728	1
MGYG000001280	1
MGYG000003776	1
MGYG000003801	2
MGYG000000073	3
MGYG000000727	4
MGYG000003833	4
MGYG000000745	4
MGYG000000747	4
MGYG000004052	4
MGYG000001103	3
MGYG000001237	3
MGYG000003490	4
MGYG000003512	4
MGYG000003891	4
MGYG000002097	4
MGYG000003875	4
MGYG000003773	4
MGYG000004786	4
MGYG000004168	4
MGYG000004174	4
MGYG000004107	3
MGYG000003417	4
MGYG000004088	4
MGYG000001658	4
MGYG000002098	4
MGYG000002072	4
MGYG000003224	4
MGYG000004154	3
MGYG000001156	4
MGYG000001170	4
MGYG000001823	4
MGYG000002011	3
MGYG000002151	3
MGYG000001218	3
MGYG000003871	1
MGYG000002699	4
MGYG000004017	4
MGYG000001217	4
MGYG000003308	4
MGYG000004044	3
MGYG000004874	2
MGYG000002099	4
MGYG000004153	4
MGYG000000922	4
MGYG000000530	2
MGYG000000965	1
MGYG000000718	2
MGYG000003100	1
MGYG000004070	2
MGYG000003843	3
MGYG000000730	3
MGYG000002086	2
MGYG000004551	2
MGYG000003262	2
MGYG000001132	4
MGYG000001675	3
MGYG000004034	3
MGYG000003526	2
MGYG000000898	3
MGYG000002016	3
MGYG000002204	1
MGYG000004245	2
MGYG000003264	2
MGYG000000875	2
MGYG000000899	2
MGYG000000939	3
MGYG000004179	3
MGYG000003945	2
MGYG000003961	2
MGYG000001932	1
MGYG000002629	1
MGYG000002681	1
MGYG000004671	2
MGYG000001550	2
MGYG000001593	2
MGYG000002411	4
MGYG000002523	3
MGYG000001747	1
MGYG000002096	2
MGYG000002193	1
MGYG000002701	1
MGYG000003304	1
MGYG000004778	1
MGYG000004235	2
MGYG000004867	1
MGYG000001822	1
MGYG000000344	3
MGYG000000409	4
MGYG000001914	1
MGYG000003226	4
MGYG000003548	2
MGYG000000429	3
MGYG000004435	3
MGYG000003508	3
MGYG000002788	2
MGYG000002790	1
MGYG000003179	2
MGYG000003248	2
MGYG000003737	2
MGYG000001852	1
MGYG000002199	1
MGYG000001854	1
MGYG000000444	3
MGYG000000676	3
MGYG000003247	2
MGYG000004020	2
MGYG000003246	2
MGYG000000733	1
MGYG000002624	1
MGYG000001844	1
MGYG000002688	1
MGYG000003953	1
MGYG000002678	2
MGYG000003934	3
MGYG000000391	2
MGYG000003503	2
MGYG000001668	2
MGYG000004476	1
MGYG000001843	0
MGYG000004300	1
MGYG000003609	1
MGYG000001863	1
MGYG000003549	1
MGYG000003646	1
MGYG000001272	1
MGYG000001888	1
MGYG000002781	2
MGYG000004221	2
MGYG000000399	1
MGYG000004445	3
MGYG000000473	2
MGYG000004362	2
MGYG000000659	3
MGYG000000836	2
MGYG000002654	1
MGYG000003410	2
MGYG000000734	3
MGYG000004310	3
MGYG000001939	3
MGYG000003310	2
MGYG000001864	1
MGYG000003584	2
MGYG000000483	2
MGYG000000499	3
MGYG000000524	2
MGYG000002768	2
MGYG000003235	1
MGYG000003212	1
MGYG000003253	3
MGYG000004734	2
MGYG000000458	1
MGYG000000933	1
MGYG000001978	1
MGYG000004528	1
MGYG000001846	3
MGYG000003504	3
MGYG000002188	1
MGYG000002169	2
MGYG000002879	1
MGYG000004434	1
MGYG000000942	2
MGYG000001827	1
MGYG000000349	1
MGYG000001973	1
MGYG000002831	2
MGYG000000460	2
MGYG000001930	2
MGYG000003523	1
MGYG000000628	2
MGYG000000705	2
MGYG000003290	2
MGYG000001773	2
MGYG000003849	2
MGYG000002174	2
MGYG000001836	2
MGYG000003562	1
MGYG000002009	2
MGYG000003169	2
MGYG000004576	2
MGYG000003818	1
MGYG000004615	1
MGYG000002185	1
MGYG000000749	1
MGYG000002000	1
MGYG000001904	1
MGYG000002173	1
MGYG000002027	1
MGYG000001290	2
MGYG000003677	1
MGYG000000698	2
MGYG000000401	1
MGYG000003464	1
MGYG000003522	1
MGYG000000407	1
MGYG000001845	1
MGYG000000751	1
MGYG000001050	1
MGYG000001794	1
MGYG000004007	1
MGYG000000459	1
MGYG000003459	1
MGYG000003485	1
MGYG000000461	1
MGYG000001853	2
MGYG000003111	1
MGYG000003408	1
MGYG000004882	1
MGYG000000869	1
MGYG000000960	1
MGYG000001786	1
MGYG000000527	1
MGYG000000679	1
MGYG000003519	1
MGYG000001941	1
MGYG000003580	1
MGYG000001945	1
MGYG000004426	1
MGYG000004202	1
MGYG000000472	1
MGYG000002172	1
MGYG000003182	1
MGYG000001834	1
MGYG000004512	1
MGYG000003596	1
MGYG000001907	1
MGYG000004394	1
MGYG000001966	1
MGYG000000406	2
MGYG000000748	2
MGYG000001680	2
MGYG000003216	2
MGYG000002912	2
MGYG000000640	3
MGYG000004535	2
MGYG000000428	2
MGYG000002125	1
MGYG000001674	1
MGYG000004578	1
MGYG000003258	3
MGYG000003960	1
MGYG000000970	1
MGYG000003931	2
MGYG000001851	2
MGYG000003250	2
MGYG000001665	2
MGYG000004645	2
MGYG000001850	2
MGYG000003474	1
MGYG000003558	1
MGYG000004010	2
MGYG000001889	2
MGYG000003972	2
MGYG000004160	3
MGYG000003967	2
MGYG000001880	1
MGYG000003766	1
MGYG000004079	1
MGYG000000003	4
MGYG000003279	4
MGYG000004290	4
MGYG000000437	4
MGYG000001546	4
MGYG000001562	4
MGYG000001420	4
MGYG000000074	4
MGYG000002592	4
MGYG000001663	3
MGYG000004658	4
MGYG000002203	4
MGYG000002674	3
MGYG000003989	4
MGYG000002007	4
MGYG000003941	3
MGYG000004006	4
MGYG000000053	4
MGYG000003019	0
MGYG000002082	4
MGYG000004536	4
MGYG000004544	4
MGYG000003952	4
MGYG000000128	4
MGYG000001302	0
MGYG000004768	1
MGYG000000823	3
MGYG000004756	4
MGYG000001415	4
MGYG000002867	3
MGYG000000414	3
MGYG000003467	1
MGYG000003556	1
MGYG000003599	0
MGYG000003948	3
MGYG000002675	2
MGYG000003415	1
MGYG000004241	3
MGYG000004354	3
MGYG000003469	1
MGYG000003472	1
MGYG000003605	0
MGYG000003544	1
MGYG000003542	1
MGYG000003539	1
MGYG000003604	1
MGYG000003993	2
MGYG000000462	1
MGYG000002371	3
MGYG000004172	4
MGYG000000170	4
MGYG000004105	2
MGYG000004197	2
MGYG000001429	4
MGYG000004056	4
MGYG000003018	4
MGYG000003254	2
MGYG000001385	3
MGYG000004468	2
MGYG000004469	2
MGYG000003926	3
MGYG000000393	2
MGYG000000722	3
MGYG000001657	3
MGYG000002878	3
MGYG000000584	4
MGYG000000592	3
MGYG000000606	4
MGYG000000672	3
MGYG000003744	2
MGYG000001767	1
MGYG000003573	2
MGYG000003991	2
MGYG000002922	2
MGYG000003880	2
MGYG000004050	2
MGYG000004790	2
MGYG000003444	1
MGYG000003525	2
MGYG000003448	1
MGYG000003626	2
MGYG000004205	1
MGYG000003445	1
MGYG000001085	2
MGYG000004402	3
MGYG000001633	3
MGYG000001803	2
MGYG000003520	3
MGYG000003530	2
MGYG000001772	2
MGYG000001774	3
MGYG000002564	2
MGYG000004559	2
MGYG000002179	2
MGYG000004465	2
MGYG000001804	2
MGYG000003193	2
MGYG000003563	1
MGYG000003645	1
MGYG000002109	0
MGYG000003540	1
MGYG000003554	1
MGYG000003564	2
MGYG000000013	4
MGYG000001378	4
MGYG000001345	4
MGYG000000029	4
MGYG000000054	4
MGYG000003351	4
MGYG000004003	4
MGYG000000675	4
MGYG000003252	4
MGYG000004676	1
MGYG000002549	4
MGYG000003312	4
MGYG000000196	4
MGYG000002281	4
MGYG000000098	4
MGYG000000788	3
MGYG000000265	4
MGYG000001433	4
MGYG000003922	4
MGYG000000236	4
MGYG000001337	4
MGYG000001461	4
MGYG000003064	4
MGYG000000057	4
MGYG000001346	4
MGYG000001977	4
MGYG000000105	4
MGYG000000224	4
MGYG000001313	4
MGYG000003681	4
MGYG000001661	4
MGYG000002300	4
MGYG000000652	3
MGYG000004188	4
MGYG000004019	4
MGYG000004185	3
MGYG000001807	2
MGYG000002621	4
MGYG000001370	4
MGYG000004899	4
MGYG000002561	4
MGYG000002585	3
MGYG000004748	4
MGYG000000211	4
MGYG000002470	4
MGYG000002455	4
MGYG000001422	4
MGYG000002717	4
MGYG000001780	4
MGYG000002273	4
MGYG000004876	4
MGYG000003363	4
MGYG000003367	4
MGYG000004094	4
MGYG000002291	4
MGYG000003221	4
MGYG000000042	4
MGYG000001599	4
MGYG000004599	4
MGYG000002622	4
MGYG000002933	3
MGYG000003163	2
MGYG000000043	4
MGYG000000906	2
MGYG000001783	3
MGYG000004182	3
MGYG000004479	4
MGYG000001364	4
MGYG000003693	4
MGYG000000273	4
MGYG000001039	3
MGYG000001787	4
MGYG000003094	3
MGYG000000781	3
MGYG000001750	2
MGYG000000964	4
MGYG000002935	3
MGYG000001920	4
MGYG000001789	4
MGYG000001925	4
MGYG000001963	3
MGYG000001306	4
MGYG000001835	3
MGYG000003097	4
MGYG000002568	3
MGYG000002614	2
MGYG000000243	4
MGYG000002171	4
MGYG000002478	4
MGYG000004797	4
MGYG000002560	4
MGYG000000923	3
MGYG000000442	3
MGYG000004763	4
MGYG000002209	4
MGYG000004823	4
MGYG000000215	4
MGYG000001763	3
MGYG000000707	4
MGYG000001933	3
MGYG000001975	3
MGYG000003332	2
MGYG000002108	3
MGYG000004758	3
MGYG000003480	2
MGYG000004390	4
MGYG000003461	2
MGYG000000534	4
MGYG000002092	1
MGYG000000701	4
MGYG000001034	3
MGYG000001164	0
MGYG000002737	2
MGYG000004703	2
MGYG000000272	4
MGYG000000695	4
MGYG000000553	3
MGYG000000644	4
MGYG000004456	4
MGYG000002080	3
MGYG000002834	3
MGYG000003697	4
MGYG000003347	1
MGYG000002603	2
MGYG000002960	3
MGYG000002293	4
MGYG000001056	3
MGYG000001770	3
MGYG000000289	4
MGYG000003912	2
MGYG000001360	4
MGYG000003878	3
MGYG000000631	3
MGYG000001972	4
MGYG000003893	3
MGYG000001131	4
MGYG000004621	4
MGYG000004632	3
MGYG000001001	4
MGYG000001720	4
MGYG000004510	3
MGYG000004588	4
MGYG000002051	4
MGYG000003268	3
MGYG000003765	1
MGYG000003812	2
MGYG000000779	2
MGYG000003622	4
MGYG000004495	3
MGYG000001074	1
MGYG000003513	3
MGYG000002133	3
MGYG000002613	3
MGYG000004371	3
MGYG000001866	3
MGYG000004561	3
MGYG000002636	2
MGYG000002637	3
MGYG000003287	4
MGYG000003152	4
MGYG000003374	2
MGYG000003731	2
MGYG000003353	3
MGYG000003763	2
MGYG000003691	3
MGYG000004627	3
MGYG000004629	2
MGYG000004622	3
MGYG000003662	3
MGYG000001927	3
MGYG000003493	4
MGYG000000760	3
MGYG000003742	2
MGYG000003794	3
MGYG000001447	3
MGYG000002168	4
MGYG000004721	2
MGYG000000852	4
MGYG000001040	4
MGYG000003346	4
MGYG000004640	3
MGYG000001805	1
MGYG000004348	1
MGYG000001042	4
MGYG000002877	3
MGYG000003680	2
MGYG000004009	1
MGYG000002394	4
MGYG000004848	2
MGYG000004698	3
MGYG000004708	2
MGYG000001097	4
MGYG000001240	2
MGYG000002663	2
MGYG000004491	3
MGYG000000526	4
MGYG000000853	0
MGYG000001806	4
MGYG000002063	3
MGYG000004462	3
MGYG000004880	4
MGYG000002558	4
MGYG000003572	2
MGYG000002653	3
MGYG000003814	1
MGYG000002668	3
MGYG000002832	2
MGYG000003515	2
MGYG000003535	3
MGYG000000682	2
MGYG000003650	2
MGYG000003992	4
MGYG000000658	2
MGYG000000866	1
MGYG000004885	2
MGYG000003638	2
MGYG000003674	3
MGYG000004329	3
MGYG000000692	3
MGYG000001630	2
MGYG000002412	4
MGYG000002930	3
MGYG000003460	3
MGYG000001918	2
MGYG000003489	4
MGYG000002783	2
MGYG000003242	2
MGYG000003614	1
MGYG000001557	3
MGYG000004638	1
MGYG000003301	1
MGYG000003611	2
MGYG000002178	2
MGYG000004291	1
MGYG000000963	1
MGYG000001981	2
MGYG000004596	3
MGYG000001771	1
MGYG000002575	1
MGYG000001058	1
MGYG000004757	2
MGYG000004207	2
MGYG000004571	2
MGYG000000559	3
MGYG000004824	3
MGYG000000854	0
MGYG000001372	4
MGYG000002540	4
MGYG000001886	3
MGYG000002275	4
MGYG000004759	1
MGYG000001659	3
MGYG000000700	3
MGYG000003420	2
MGYG000003470	2
MGYG000003608	1
MGYG000003543	0
MGYG000003610	2
MGYG000003559	1
MGYG000003607	1
MGYG000000044	4
MGYG000000138	4
MGYG000002033	4
MGYG000002587	4
MGYG000003957	4
MGYG000004180	4
MGYG000002449	4
MGYG000004281	4
MGYG000000222	4
MGYG000001995	4
MGYG000000174	4
MGYG000003701	4
MGYG000000284	4
MGYG000001591	4
MGYG000001735	4
MGYG000002282	4
MGYG000001489	4
MGYG000000221	4
MGYG000002418	4
MGYG000001898	3
MGYG000002438	4
MGYG000003521	2
MGYG000000355	3
MGYG000003091	3
MGYG000000696	4
MGYG000001878	4
MGYG000002218	4
MGYG000000763	1
MGYG000003790	1
MGYG000001209	2
MGYG000000873	2
MGYG000002205	0
MGYG000004267	2
MGYG000001211	2
MGYG000002931	1
MGYG000003837	2
MGYG000002784	2
MGYG000003897	1
MGYG000001012	2
MGYG000002015	0
MGYG000003754	1
MGYG000003813	1
MGYG000000764	3
MGYG000003251	2
MGYG000003774	1
MGYG000000765	2
MGYG000003746	2
MGYG000001059	2
MGYG000004270	1
MGYG000002120	2
MGYG000003300	1
MGYG000000815	4
MGYG000001376	4
MGYG000001377	4
MGYG000003362	4
MGYG000003132	4
MGYG000003338	3
MGYG000001503	3
MGYG000000055	4
MGYG000003255	1
MGYG000000056	3
MGYG000001180	3
MGYG000004490	4
MGYG000001948	2
MGYG000000353	3
MGYG000001937	2
MGYG000004365	3
MGYG000000851	2
MGYG000001644	3
MGYG000004605	4
MGYG000004043	3
MGYG000000400	3
MGYG000001885	2
MGYG000004820	2
MGYG000000667	3
MGYG000000872	3
MGYG000001839	2
MGYG000003835	4
MGYG000003492	1
MGYG000003498	1
MGYG000000357	3
MGYG000004166	2
MGYG000001867	3
MGYG000002064	0
MGYG000002721	4
MGYG000003200	3
MGYG000001666	2
MGYG000004219	3
MGYG000003985	3
MGYG000003256	2
MGYG000000448	3
MGYG000001951	4
MGYG000004655	3
MGYG000002225	2
MGYG000002875	3
MGYG000004026	3
MGYG000004213	4
MGYG000004483	4
MGYG000001242	2
MGYG000002606	0
MGYG000003618	2
MGYG000004428	3
MGYG000003201	3
MGYG000003429	1
MGYG000004688	3
MGYG000000619	2
MGYG000001938	2
MGYG000001083	2
MGYG000000673	3
MGYG000000825	3
MGYG000001910	3
MGYG000001738	4
MGYG000001640	3
MGYG000003277	4
MGYG000000941	3
MGYG000001036	3
MGYG000003199	3
MGYG000001253	2
MGYG000004636	2
MGYG000001775	2
MGYG000003856	2
MGYG000004720	2
MGYG000001929	2
MGYG000003198	3
MGYG000001682	2
MGYG000002181	2
MGYG000003194	2
MGYG000001795	3
MGYG000002157	3
MGYG000003177	2
MGYG000004255	2
MGYG000003202	3
MGYG000004432	4
MGYG000000348	3
MGYG000003164	3
MGYG000001030	4
MGYG000001664	3
MGYG000003035	4
MGYG000001275	3
MGYG000002762	4
MGYG000004208	3
MGYG000004377	2
MGYG000000354	3
MGYG000003433	2
MGYG000001641	3
MGYG000002049	1
MGYG000004871	2
MGYG000003831	3
MGYG000004430	4
MGYG000004830	3
MGYG000004457	3
MGYG000001643	4
MGYG000003816	3
MGYG000002725	4
MGYG000003172	1
MGYG000004705	2
MGYG000003223	2
MGYG000003986	2
MGYG000000678	3
MGYG000002920	2
MGYG000001868	1
MGYG000002608	3
MGYG000003158	2
MGYG000000824	2
MGYG000002567	1
MGYG000004853	1
MGYG000004042	3
MGYG000000568	2
MGYG000001931	3
MGYG000000889	2
MGYG000002556	3
MGYG000002868	1
MGYG000002905	2
MGYG000003434	1
MGYG000003881	1
MGYG000004090	2
MGYG000001871	2
MGYG000003270	2
MGYG000002176	2
MGYG000003424	3
MGYG000003533	2
MGYG000003233	4
MGYG000003590	4
MGYG000003728	2
MGYG000003799	2
MGYG000004474	3
MGYG000003204	2
MGYG000000117	4
MGYG000003099	4
MGYG000000144	4
MGYG000000452	2
MGYG000001604	3
MGYG000000956	2
MGYG000004464	2
MGYG000000415	3
MGYG000000653	2
MGYG000003994	2
MGYG000004037	2
MGYG000004021	2
MGYG000001391	4
MGYG000003282	4
MGYG000001512	4
MGYG000004443	2
MGYG000000305	2
MGYG000004569	2
MGYG000003419	2
MGYG000003497	1
MGYG000003651	1
MGYG000003633	1
MGYG000003446	1
MGYG000003511	1
MGYG000003634	1
MGYG000003532	2
MGYG000003546	4
MGYG000003423	3
MGYG000000168	4
MGYG000000183	4
MGYG000000203	4
MGYG000001655	4
MGYG000003240	4
MGYG000001552	4
MGYG000003203	4
MGYG000004002	3
MGYG000004878	4
MGYG000001529	3
MGYG000001608	4
MGYG000000254	4
MGYG000003076	2
MGYG000000343	4
MGYG000004650	3
MGYG000004822	4
MGYG000000322	3
MGYG000003908	4
MGYG000001399	4
MGYG000004711	4
MGYG000001551	4
MGYG000002662	2
MGYG000002664	2
MGYG000003565	2
MGYG000003603	2
MGYG000003553	2
MGYG000003649	3
MGYG000003566	1
MGYG000003654	2
MGYG000004573	3
MGYG000003630	2
MGYG000000418	1
MGYG000000451	1
MGYG000002722	1
MGYG000003905	1
MGYG000004793	1
MGYG000001093	4
MGYG000003119	2
MGYG000001095	4
MGYG000003804	1
MGYG000004754	4
MGYG000003514	4
MGYG000000345	4
MGYG000000360	4
MGYG000001884	4
MGYG000000538	4
MGYG000000604	4
MGYG000000666	4
MGYG000004461	4
MGYG000000575	4
MGYG000001792	4
MGYG000002650	4
MGYG000001812	4
MGYG000003627	2
MGYG000000467	3
MGYG000000608	2
MGYG000000971	4
MGYG000003965	2
MGYG000000633	4
MGYG000002473	4
MGYG000004499	4
MGYG000004513	4
MGYG000003249	4
MGYG000000720	4
MGYG000003904	4
MGYG000003237	4
MGYG000000596	3
MGYG000003636	4
MGYG000003528	4
MGYG000002219	4
MGYG000003631	3
MGYG000003483	4
MGYG000003642	4
MGYG000003443	2
MGYG000003639	3
MGYG000003499	1
MGYG000003643	4
MGYG000000441	3
MGYG000003958	0
MGYG000000740	4
MGYG000004501	4
MGYG000003295	4
MGYG000000480	4
MGYG000003536	3
MGYG000003846	2
MGYG000003205	4
MGYG000003449	4
MGYG000003479	4
MGYG000004053	4
MGYG000000504	3
MGYG000000497	1
MGYG000000863	3
MGYG000003154	4
MGYG000000973	2
MGYG000001791	4
MGYG000003637	4
MGYG000004418	1
MGYG000000870	4
MGYG000002378	4
MGYG000001881	4
MGYG000001921	4
MGYG000002454	4
MGYG000002452	4
MGYG000002453	4
MGYG000002584	3
MGYG000003413	2
MGYG000003447	2
MGYG000004532	4
MGYG000000015	4
MGYG000001318	4
MGYG000000019	4
MGYG000002504	4
MGYG000002823	4
MGYG000002499	0
MGYG000002501	4
MGYG000002502	4
MGYG000002498	4
MGYG000002519	4
MGYG000000235	4
MGYG000002503	4
MGYG000002500	4
MGYG000001536	4
MGYG000003187	4
MGYG000000093	4
MGYG000002351	4
MGYG000000107	4
MGYG000002825	4
MGYG000002497	0
MGYG000003882	4
MGYG000002510	4
MGYG000003178	4
MGYG000002538	4
MGYG000002511	4
MGYG000002363	4
MGYG000001394	4
MGYG000002520	4
MGYG000000108	4
MGYG000001705	4
MGYG000000124	4
MGYG000002495	4
MGYG000002816	4
MGYG000001317	4
MGYG000003372	4
MGYG000002535	4
MGYG000001091	4
MGYG000002534	4
MGYG000002477	4
MGYG000001700	4
MGYG000002494	4
MGYG000002322	4
MGYG000002323	4
MGYG000002506	4
MGYG000002515	4
MGYG000002507	4
MGYG000002366	4
MGYG000002496	4
MGYG000003395	4
MGYG000000110	4
MGYG000002491	4
MGYG000003358	4
MGYG000001426	4
MGYG000002521	4
MGYG000002904	4
MGYG000003377	4
MGYG000003883	4
MGYG000003360	4
MGYG000003365	0
MGYG000003390	4
MGYG000001266	4
MGYG000002460	4
MGYG000002484	4
MGYG000003115	0
MGYG000001445	4
MGYG000002423	4
MGYG000002889	4
MGYG000003127	3
MGYG000003382	4
MGYG000003379	4
MGYG000003386	4
MGYG000003803	4
MGYG000003393	4
MGYG000003184	4
MGYG000002335	4
MGYG000002461	4
MGYG000002462	4
MGYG000002458	4
MGYG000002471	4
MGYG000002524	4
MGYG000002465	4
MGYG000002525	4
MGYG000002466	4
MGYG000002467	4
MGYG000002476	4
MGYG000002350	4
MGYG000002518	4
MGYG000003399	4
MGYG000003712	4
MGYG000003123	4
MGYG000003378	4
MGYG000002474	4
MGYG000000337	4
MGYG000002512	4
MGYG000002513	4
MGYG000001307	4
MGYG000001323	0
MGYG000004295	4
MGYG000001465	0
MGYG000001466	4
MGYG000001708	4
MGYG000002354	4
MGYG000001624	4
MGYG000002516	4
MGYG000004813	3
MGYG000002488	4
MGYG000002415	0
MGYG000002514	4
MGYG000001351	0
MGYG000001393	4
MGYG000002508	4
MGYG000002305	4
MGYG000002385	4
MGYG000002536	4
MGYG000000317	2
MGYG000000860	2
MGYG000001088	2
MGYG000003126	2
MGYG000002634	2
MGYG000003021	1
MGYG000003015	2
MGYG000002893	0
MGYG000000993	2
MGYG000001112	2
MGYG000004837	2
MGYG000002631	2
MGYG000003189	2
MGYG000003118	2
MGYG000003060	1
MGYG000002898	2
MGYG000002639	1
MGYG000003394	2
MGYG000004313	2
MGYG000001071	1
MGYG000002551	1
MGYG000004687	2
MGYG000001703	4
MGYG000001713	4
MGYG000002311	4
MGYG000002368	4
MGYG000002331	4
MGYG000002533	4
MGYG000002532	4
MGYG000001691	4
MGYG000002529	4
MGYG000001692	4
MGYG000002526	0
MGYG000002527	4
MGYG000003144	4
MGYG000000338	4
MGYG000003440	4
MGYG000000412	3
MGYG000003621	3
MGYG000000793	2
MGYG000001857	2
MGYG000002582	2
MGYG000000708	1
MGYG000001054	2
MGYG000003463	4
MGYG000003612	4
MGYG000004773	4
MGYG000001366	3
MGYG000001890	2
MGYG000003436	3
MGYG000003454	2
MGYG000003491	3
MGYG000000082	4
MGYG000002342	4
MGYG000003414	1
MGYG000003632	2
MGYG000001260	3
MGYG000001344	3
MGYG000001343	4
MGYG000002343	4
MGYG000002344	4
MGYG000002345	4
MGYG000002346	4
MGYG000002341	4
MGYG000000657	4
MGYG000003208	4
MGYG000001035	4
MGYG000002885	4
MGYG000001279	4
MGYG000001485	0
MGYG000003387	4
MGYG000002463	4
MGYG000004151	4
MGYG000001457	0
MGYG000003016	4
MGYG000001534	4
MGYG000002381	4
MGYG000002382	4
MGYG000003400	4
MGYG000003761	4
MGYG000002481	4
MGYG000003403	4
MGYG000003711	4
MGYG000002886	4
MGYG000003267	4
MGYG000002541	4
MGYG000000091	4
MGYG000002358	3
MGYG000002436	4
MGYG000000342	1
MGYG000003451	2
MGYG000004749	1
MGYG000002505	4
MGYG000004063	2
MGYG000001331	3
MGYG000002703	3
MGYG000004251	2
MGYG000001417	4
MGYG000001384	4
MGYG000003736	4
MGYG000001263	4
MGYG000001264	4
MGYG000004150	4
MGYG000000225	2
MGYG000003017	2
MGYG000000564	2
MGYG000000525	3
MGYG000000717	3
MGYG000000624	3
MGYG000001113	3
MGYG000003879	4
MGYG000003288	3
MGYG000003318	2
MGYG000000475	1
MGYG000004637	1
MGYG000001494	3
MGYG000002447	4
MGYG000003441	1
MGYG000000548	4
MGYG000000821	4
MGYG000000632	4
MGYG000002101	4
MGYG000001976	2
MGYG000004454	4
MGYG000001361	4
MGYG000000840	4
MGYG000004829	4
MGYG000004738	4
MGYG000001401	4
MGYG000003901	4
MGYG000004694	4
MGYG000000557	2
MGYG000002062	2
MGYG000003852	1
MGYG000004647	1
MGYG000000560	1
MGYG000004825	2
MGYG000004704	3
MGYG000001410	4
MGYG000003170	3
MGYG000004187	3
MGYG000001574	1
MGYG000004096	1
MGYG000000810	4
MGYG000000918	4
MGYG000003914	4
MGYG000000351	1
MGYG000000814	1
MGYG000000567	1
MGYG000001900	1
MGYG000000850	1
MGYG000003836	1
MGYG000001892	1
MGYG000002591	1
MGYG000003969	1
MGYG000003999	1
MGYG000001614	1
MGYG000004626	1
MGYG000000552	1
MGYG000004751	1
MGYG000000796	3
MGYG000002643	3
MGYG000001294	3
MGYG000003022	2
MGYG000003352	3
MGYG000003023	1
MGYG000001923	2
MGYG000000634	3
MGYG000001094	4
MGYG000001381	4
MGYG000002489	4
MGYG000003388	3
MGYG000004780	4
MGYG000002119	3
MGYG000001625	4
MGYG000001520	4
MGYG000003735	4
MGYG000002398	4
MGYG000000394	2
MGYG000000581	1
MGYG000000637	1
MGYG000004648	1
MGYG000004639	1
MGYG000004674	1
MGYG000001894	2
MGYG000004400	1
MGYG000003155	1
MGYG000001985	2
MGYG000004444	2
MGYG000002873	2
MGYG000003285	1
MGYG000004533	2
MGYG000002616	2
MGYG000001974	1
MGYG000003283	1
MGYG000002021	3
MGYG000003859	2
MGYG000003845	1
MGYG000003817	1
MGYG000003827	1
MGYG000000445	1
MGYG000000492	1
MGYG000002666	1
MGYG000000506	1
MGYG000000617	1
MGYG000000874	1
MGYG000003217	2
MGYG000000528	1
MGYG000000610	1
MGYG000000507	3
MGYG000004484	4
MGYG000002648	4
MGYG000004298	4
MGYG000004521	3
MGYG000004478	3
MGYG000000683	3
MGYG000003505	4
MGYG000002578	4
MGYG000004485	4
MGYG000002649	1
MGYG000004338	1
MGYG000004361	1
MGYG000004537	1
MGYG000004905	1
MGYG000001261	4
MGYG000001265	4
MGYG000002310	4
MGYG000003137	4
MGYG000003733	4
MGYG000003734	4
MGYG000002827	4
MGYG000001262	4
MGYG000003371	0
MGYG000000590	1
MGYG000002244	1
MGYG000003321	1
MGYG000003652	1
MGYG000003660	1
MGYG000000962	1
MGYG000000241	4
MGYG000002158	4
MGYG000004864	4
MGYG000002620	4
MGYG000004901	3
MGYG000003933	4
MGYG000001295	4
MGYG000002846	4
MGYG000001590	4
MGYG000004670	3
MGYG000001321	0
MGYG000002687	4
MGYG000004253	4
MGYG000004701	4
MGYG000001911	4
MGYG000002955	3
MGYG000002996	3
MGYG000000551	3
MGYG000003918	2
MGYG000003924	3
MGYG000000566	2
MGYG000004649	4
MGYG000004659	3
MGYG000004750	2
MGYG000001784	4
MGYG000002134	4
MGYG000001277	4
MGYG000001359	4
MGYG000004433	4
MGYG000001631	4
MGYG000001832	4
MGYG000002706	0
MGYG000004851	4
MGYG000002652	4
MGYG000003389	4
MGYG000000358	1
MGYG000000519	1
MGYG000004492	1
MGYG000000509	1
MGYG000001768	1
MGYG000002660	2
MGYG000000513	4
MGYG000001463	4
MGYG000002443	4
MGYG000001462	4
MGYG000001432	4
MGYG000003592	2
MGYG000001357	2
MGYG000001431	2
MGYG000003398	0
MGYG000001329	4
MGYG000003438	2
MGYG000001312	3
MGYG000001348	2
MGYG000001330	2
MGYG000003617	3
MGYG000000554	1
MGYG000002374	2
MGYG000002307	2
MGYG000002308	2
MGYG000000755	2
MGYG000001044	3
MGYG000001079	1
MGYG000003713	4
MGYG000002479	2
MGYG000002543	2
MGYG000003764	1
MGYG000001392	2
MGYG000002432	4
MGYG000002425	3
MGYG000002435	3
MGYG000002426	3
MGYG000002434	3
MGYG000003330	2
MGYG000002427	3
MGYG000002433	3
MGYG000002428	3
MGYG000002429	3
MGYG000002430	3
MGYG000002431	3
MGYG000001706	3
MGYG000001297	2
MGYG000002332	2
MGYG000002333	2
MGYG000002422	3
MGYG000001358	2
MGYG000002813	4
MGYG000002364	4
MGYG000000470	2
MGYG000000502	2
MGYG000000479	3
MGYG000002242	4
MGYG000004493	4
MGYG000003679	3
MGYG000000639	2
MGYG000002671	3
MGYG000003534	4
MGYG000003466	4
MGYG000003569	4
MGYG000003570	4
MGYG000003575	2
MGYG000004570	2
MGYG000000677	2
MGYG000003435	4
MGYG000003567	3
MGYG000004838	2
MGYG000004865	4
MGYG000003457	2
MGYG000000536	2
MGYG000001458	3
MGYG000000790	2
MGYG000001326	2
MGYG000001347	2
MGYG000001459	0
MGYG000001464	0
MGYG000001172	2
MGYG000001324	2
MGYG000001350	2
MGYG000001555	1
MGYG000001325	2
MGYG000002362	3
MGYG000000914	1
MGYG000000953	2
MGYG000002485	4
MGYG000004828	3
MGYG000004893	2
MGYG000001148	4
MGYG000002486	4
MGYG000002574	4
MGYG000001327	4
MGYG000003056	2
MGYG000003919	2
MGYG000000712	2
MGYG000001149	1
MGYG000004742	1
MGYG000001595	2
MGYG000004309	2
MGYG000001073	2
MGYG000002635	1
MGYG000002950	0
MGYG000003376	1
MGYG000004315	1
MGYG000004516	1
MGYG000000315	2
MGYG000002884	3
MGYG000000436	2
MGYG000003930	1
MGYG000003857	2
MGYG000004420	2
MGYG000004613	2
MGYG000000408	1
MGYG000002883	1
MGYG000004416	2
MGYG000004529	2
MGYG000000363	2
MGYG000000438	2
MGYG000001924	2
MGYG000000422	2
MGYG000000485	2
MGYG000000544	2
MGYG000003551	3
MGYG000000511	2
MGYG000000549	2
MGYG000000572	2
MGYG000000813	2
MGYG000001899	2
MGYG000001678	2
MGYG000001838	2
MGYG000001782	2
MGYG000002165	0
MGYG000000447	2
MGYG000001906	2
MGYG000001055	2
MGYG000002153	2
MGYG000004370	2
MGYG000000523	2
MGYG000001874	2
MGYG000001960	2
MGYG000000385	2
MGYG000003995	2
MGYG000004841	2
MGYG000001895	2
MGYG000000410	2
MGYG000004518	2
MGYG000002077	2
MGYG000000491	2
MGYG000004473	3
MGYG000002235	2
MGYG000003890	2
MGYG000003829	2
MGYG000001950	2
MGYG000000493	2
MGYG000000542	2
MGYG000000503	2
MGYG000000529	2
MGYG000000618	2
MGYG000003506	1
MGYG000002803	3
MGYG000003077	3
MGYG000002236	2
MGYG000002605	2
MGYG000003666	1
MGYG000004459	1
MGYG000000464	1
MGYG000001875	2
MGYG000000376	1
MGYG000000998	1
MGYG000001145	1
MGYG000002976	1
MGYG000002942	1
MGYG000002987	1
MGYG000003008	1
MGYG000004293	1
MGYG000001620	1
MGYG000002951	1
MGYG000004568	1
MGYG000000017	3
MGYG000002743	3
MGYG000003061	1
MGYG000003038	2
MGYG000000237	4
MGYG000001139	3
MGYG000003923	3
MGYG000000769	3
MGYG000000731	2
MGYG000001223	3
MGYG000003234	3
MGYG000000995	3
MGYG000002929	2
MGYG000004399	3
MGYG000002184	2
MGYG000004844	2
MGYG000000314	3
MGYG000002189	2
MGYG000004148	2
MGYG000004467	3
MGYG000002130	3
MGYG000000846	3
MGYG000000979	3
MGYG000000984	2
MGYG000004497	2
MGYG000003209	3
MGYG000004514	3
MGYG000003266	3
MGYG000003039	2
MGYG000004335	3
MGYG000003418	3
MGYG000000812	3
MGYG000002961	3
MGYG000000158	3
MGYG000000789	3
MGYG000002065	2
MGYG000004695	2
MGYG000000832	3
MGYG000000556	3
MGYG000001121	3
MGYG000000805	3
MGYG000001130	0
MGYG000002043	2
MGYG000001127	2
MGYG000002915	2
MGYG000000167	3
MGYG000001114	3
MGYG000000333	3
MGYG000000324	3
MGYG000002539	4
MGYG000002765	2
MGYG000003692	3
MGYG000000232	3
MGYG000002730	2
MGYG000000845	3
MGYG000000778	3
MGYG000000868	3
MGYG000001061	2
MGYG000002198	3
MGYG000000565	3
MGYG000000156	3
MGYG000001105	3
MGYG000003906	3
MGYG000004875	3
MGYG000004286	3
MGYG000003073	2
MGYG000004408	3
MGYG000000260	3
MGYG000000180	4
MGYG000002048	2
MGYG000000207	3
MGYG000000563	3
MGYG000000855	0
MGYG000003798	3
MGYG000000925	1
MGYG000001579	3
MGYG000004156	3
MGYG000003703	3
MGYG000000598	3
MGYG000000801	3
MGYG000004373	2
MGYG000004608	3
MGYG000000239	3
MGYG000000266	4
MGYG000000270	3
MGYG000004258	3
MGYG000000904	2
MGYG000003913	3
MGYG000000795	3
MGYG000000802	3
MGYG000000833	0
MGYG000001138	3
MGYG000003696	4
MGYG000000770	3
MGYG000003275	3
MGYG000000798	3
MGYG000003698	4
MGYG000003700	3
MGYG000004181	3
MGYG000001137	3
MGYG000001122	3
MGYG000003865	3
MGYG000002054	3
MGYG000001636	1
MGYG000002083	0
MGYG000000570	1
MGYG000001152	3
MGYG000000811	3
MGYG000003917	1
MGYG000001628	3
MGYG000002294	3
MGYG000001150	3
MGYG000003261	3
MGYG000001993	3
MGYG000003900	2
MGYG000004011	3
MGYG000002923	3
MGYG000004069	1
MGYG000004662	2
MGYG000000649	3
MGYG000004141	3
MGYG000002871	1
MGYG000003047	2
MGYG000004280	2
MGYG000000777	3
MGYG000003276	3
MGYG000000188	3
MGYG000001581	3
MGYG000001135	3
MGYG000004239	2
MGYG000003093	3
MGYG000004305	2
MGYG000003229	2
MGYG000004091	2
MGYG000004422	3
MGYG000002775	3
MGYG000002968	3
MGYG000000085	3
MGYG000002076	3
MGYG000002733	3
MGYG000003870	3
MGYG000000197	3
MGYG000001736	3
MGYG000003983	3
MGYG000004325	3
MGYG000004398	2
MGYG000004358	3
MGYG000000288	3
MGYG000003045	2
MGYG000001935	2
MGYG000004054	3
MGYG000002754	3
MGYG000003024	3
MGYG000004328	3
MGYG000002748	3
MGYG000004710	1
MGYG000001656	3
MGYG000004602	3
MGYG000003657	2
MGYG000004777	3
MGYG000002111	3
MGYG000003029	3
MGYG000002692	1
MGYG000002808	2
MGYG000004421	3
MGYG000003244	2
MGYG000002742	3
MGYG000002749	2
MGYG000003168	2
MGYG000004186	3
MGYG000000327	2
MGYG000002866	2
MGYG000001158	3
MGYG000000986	3
MGYG000004506	2
MGYG000002763	3
MGYG000004097	3
MGYG000003053	3
MGYG000002729	1
MGYG000003167	1
MGYG000001573	2
MGYG000003328	2
MGYG000003823	2
MGYG000001241	2
MGYG000003025	2
MGYG000003033	3
MGYG000004363	2
MGYG000002728	2
MGYG000002741	3
MGYG000000768	3
MGYG000001022	2
MGYG000001753	3
MGYG000004031	3
MGYG000003032	3
MGYG000002860	3
MGYG000003046	3
MGYG000004297	3
MGYG000004806	3
MGYG000002864	3
MGYG000003006	2
MGYG000004013	2
MGYG000004466	3
MGYG000004209	3
MGYG000001099	2
MGYG000004161	3
MGYG000004346	1
MGYG000003107	3
MGYG000001221	2
MGYG000002918	3
MGYG000003020	1
MGYG000001126	3
MGYG000001478	3
MGYG000001578	3
MGYG000002916	3
MGYG000003982	2
MGYG000004383	3
MGYG000004505	2
MGYG000004386	3
MGYG000000996	2
MGYG000001726	2
MGYG000003041	3
MGYG000001587	3
MGYG000001715	2
MGYG000002206	3
MGYG000004326	2
MGYG000002740	2
MGYG000002760	3
MGYG000004152	2
MGYG000004318	1
MGYG000002732	2
MGYG000004320	3
MGYG000004549	2
MGYG000000936	3
MGYG000002766	2
MGYG000003707	3
MGYG000001585	3
MGYG000002852	3
MGYG000003083	3
MGYG000004220	3
MGYG000003031	2
MGYG000003213	3
MGYG000004696	3
MGYG000001165	3
MGYG000003078	2
MGYG000004542	3
MGYG000004550	3
MGYG000001196	1
MGYG000003040	1
MGYG000003067	2
MGYG000003862	3
MGYG000003122	3
MGYG000003861	2
MGYG000000094	3
MGYG000002928	1
MGYG000004294	3
MGYG000004396	3
MGYG000001788	3
MGYG000003044	3
MGYG000003011	3
MGYG000003228	3
MGYG000004746	3
MGYG000001002	3
MGYG000002858	3
MGYG000002231	3
MGYG000004001	3
MGYG000003175	1
MGYG000001092	3
MGYG000004066	3
MGYG000001586	3
MGYG000003157	2
MGYG000000397	1
MGYG000004765	3
MGYG000000946	1
MGYG000004387	3
MGYG000003034	2
MGYG000004766	2
MGYG000004827	2
MGYG000002744	3
MGYG000004018	3
MGYG000001096	3
MGYG000002947	3
MGYG000003225	3
MGYG000001583	1
MGYG000003007	3
MGYG000001584	1
MGYG000001200	3
MGYG000002734	3
MGYG000004846	3
MGYG000000228	4
MGYG000001086	2
MGYG000000593	3
MGYG000000599	3
MGYG000000641	3
MGYG000002028	3
MGYG000000275	3
MGYG000000797	3
MGYG000001634	3
MGYG000001124	3
MGYG000000787	3
MGYG000000830	3
MGYG000002576	3
MGYG000000928	2
MGYG000003688	3
MGYG000004625	3
MGYG000000826	3
MGYG000003920	3
MGYG000003206	2
MGYG000000835	3
MGYG000001679	2
MGYG000001724	1
MGYG000002847	3
MGYG000003968	2
MGYG000002859	4
MGYG000002865	2
MGYG000003853	1
MGYG000001642	3
MGYG000003066	3
MGYG000004349	3
MGYG000004607	3
MGYG000001992	2
MGYG000003851	3
MGYG000001996	3
MGYG000000290	3
MGYG000000396	3
MGYG000004415	3
MGYG000000302	3
MGYG000003847	3
MGYG000000737	2
MGYG000000321	3
MGYG000002850	2
MGYG000000331	3
MGYG000004651	3
MGYG000003976	1
MGYG000002855	2
MGYG000002919	4
MGYG000003685	3
MGYG000003173	3
MGYG000003181	2
MGYG000002746	3
MGYG000003732	3
MGYG000004121	3
MGYG000000985	3
MGYG000003928	3
MGYG000001353	4
MGYG000001744	3
MGYG000000693	3
MGYG000002970	3
MGYG000004684	1
MGYG000003075	3
MGYG000003079	3
MGYG000000684	3
MGYG000001009	2
MGYG000004366	3
MGYG000004619	3
MGYG000003036	3
MGYG000002739	2
MGYG000003364	3
MGYG000003864	2
MGYG000002745	3
MGYG000002849	3
MGYG000002981	3
MGYG000004227	2
MGYG000002853	2
MGYG000000648	3
MGYG000001986	0
MGYG000002112	1
MGYG000003315	1
MGYG000003885	3
MGYG000004040	2
MGYG000002764	2
MGYG000001173	3
MGYG000004814	1
MGYG000001176	3
MGYG000000061	3
MGYG000002824	3
MGYG000000210	3
MGYG000002731	1
MGYG000000594	3
MGYG000000981	3
MGYG000000947	2
MGYG000003915	2
MGYG000004666	3
MGYG000000579	3
MGYG000004330	3
MGYG000000856	0
MGYG000004843	3
MGYG000001123	2
MGYG000004682	1
MGYG000000858	3
MGYG000002137	2
MGYG000004274	3
MGYG000001142	2
MGYG000001140	3
MGYG000004368	3
MGYG000000862	3
MGYG000003462	4
MGYG000004504	1
MGYG000004692	4
MGYG000002793	2
MGYG000003322	1
MGYG000000257	4
MGYG000000827	3
MGYG000002566	3
MGYG000002978	3
MGYG000003052	3
MGYG000004344	3
MGYG000000949	2
MGYG000000865	0
MGYG000000880	2
MGYG000004367	3
MGYG000002058	3
MGYG000004240	2
MGYG000004378	3
MGYG000002958	3
MGYG000003043	2
MGYG000004772	1
MGYG000003946	1
MGYG000002844	3
MGYG000003062	3
MGYG000004356	3
MGYG000000896	3
MGYG000002747	3
MGYG000002755	3
MGYG000003108	2
MGYG000003051	3
MGYG000001580	1
MGYG000003896	2
MGYG000002991	3
MGYG000004450	3
MGYG000004331	3
MGYG000002117	3
MGYG000002936	2
MGYG000004553	3
MGYG000000878	3
MGYG000002078	2
MGYG000002187	3
MGYG000002971	3
MGYG000003096	2
MGYG000002183	2
MGYG000003026	2
MGYG000003191	2
MGYG000003787	2
MGYG000004307	3
MGYG000003274	3
MGYG000004048	3
MGYG000003341	2
MGYG000003894	3
MGYG000002948	3
MGYG000002032	3
MGYG000003037	3
MGYG000003174	3
MGYG000000531	3
MGYG000004442	2
MGYG000004681	3
MGYG000000716	3
MGYG000001190	2
MGYG000002100	3
MGYG000002917	3
MGYG000002714	2
MGYG000000955	2
MGYG000001108	2
MGYG000001982	3
MGYG000004583	3
MGYG000003260	2
MGYG000004364	2
MGYG000001188	3
MGYG000001161	3
MGYG000004590	3
MGYG000001227	3
MGYG000002690	3
MGYG000003048	2
MGYG000002751	3
MGYG000004332	3
MGYG000000885	3
MGYG000003028	2
MGYG000001731	3
MGYG000002013	3
MGYG000004324	2
MGYG000000688	1
MGYG000001179	3
MGYG000002069	3
MGYG000002041	3
MGYG000002557	3
MGYG000003180	3
MGYG000002851	3
MGYG000004058	3
MGYG000000283	2
MGYG000000309	3
MGYG000000645	3
MGYG000000694	3
MGYG000000744	3
MGYG000000934	2
MGYG000001203	3
MGYG000001582	1
MGYG000002932	3
MGYG000000702	2
MGYG000001718	3
MGYG000003830	1
MGYG000001813	1
MGYG000002752	3
MGYG000001134	3
MGYG000002869	3
MGYG000003339	3
MGYG000000261	3
MGYG000000320	3
MGYG000003183	3
MGYG000001916	2
MGYG000001019	3
MGYG000000772	3
MGYG000001568	1
MGYG000001842	3
MGYG000000660	3
MGYG000002142	3
MGYG000003027	2
MGYG000004407	3
MGYG000002735	3
MGYG000000780	3
MGYG000003231	3
MGYG000004217	2
MGYG000004284	3
MGYG000003109	1
MGYG000002050	3
MGYG000002055	3
MGYG000003873	3
MGYG000003030	3
MGYG000001741	3
MGYG000001915	1
MGYG000002921	1
MGYG000000881	3
MGYG000000940	3
MGYG000002110	3
MGYG000004374	3
MGYG000002107	2
MGYG000004522	3
MGYG000002750	2
MGYG000002087	3
MGYG000002927	2
MGYG000004480	3
MGYG000001107	2
MGYG000002911	3
MGYG000001215	3
MGYG000002778	3
MGYG000001084	2
MGYG000003081	3
MGYG000004597	3
MGYG000001717	3
MGYG000004656	1
MGYG000004868	2
MGYG000001759	3
MGYG000002767	1
MGYG000002122	2
MGYG000002759	3
MGYG000002757	3
MGYG000002020	3
MGYG000001003	3
MGYG000004301	2
MGYG000004761	3
MGYG000000292	2
MGYG000000879	3
MGYG000001653	3
MGYG000004023	2
MGYG000003159	2
MGYG000003050	2
MGYG000001025	1
MGYG000001236	2
MGYG000000160	3
MGYG000000247	3
MGYG000000907	2
MGYG000001575	3
MGYG000000842	3
MGYG000001709	4
MGYG000001249	2
MGYG000000905	1
MGYG000001567	4
MGYG000001588	4
MGYG000000313	2
MGYG000003361	4
MGYG000001382	4
MGYG000004424	4
MGYG000004859	3
MGYG000004653	2
MGYG000001538	4
MGYG000004664	4
MGYG000004419	3
MGYG000001413	4
MGYG000001427	4
MGYG000001605	4
MGYG000004584	4
MGYG000000256	4
MGYG000004706	4
MGYG000003624	4
MGYG000004808	3
MGYG000000861	0
MGYG000000785	1
MGYG000002998	1
MGYG000003373	1
MGYG000003356	1
MGYG000002842	1
MGYG000001267	1
MGYG000002908	1
MGYG000001214	1
MGYG000002104	4
MGYG000002782	4
MGYG000002450	4
MGYG000002405	4
MGYG000004567	4
MGYG000004577	2
MGYG000004617	4
MGYG000004523	4
MGYG000000535	4
MGYG000002599	4
MGYG000004737	4
MGYG000004877	4
MGYG000001519	3
MGYG000001545	1
MGYG000002972	1
MGYG000004755	4
MGYG000000829	4
MGYG000002094	2
MGYG000004716	1
MGYG000004259	1
MGYG000000614	4
MGYG000003298	3
MGYG000004257	3
MGYG000001213	3
MGYG000002106	3
MGYG000002914	2
MGYG000000620	4
MGYG000002801	4
MGYG000000585	4
MGYG000002924	4
MGYG000000613	4
MGYG000000291	1
MGYG000000602	2
MGYG000001168	1
MGYG000003886	1
MGYG000001815	2
MGYG000001026	2
MGYG000000300	1
MGYG000000980	1
MGYG000004134	1
MGYG000004595	1
MGYG000001062	1
MGYG000001154	1
MGYG000001198	1
MGYG000004278	1
MGYG000003003	1
MGYG000003745	1
MGYG000000304	2
MGYG000000616	2
MGYG000000944	2
MGYG000004083	2
MGYG000001090	1
MGYG000001233	1
MGYG000002761	0
MGYG000001153	1
MGYG000001163	1
MGYG000004724	1
MGYG000001167	1
MGYG000004728	1
MGYG000004614	1
MGYG000000577	1
MGYG000000603	2
MGYG000001278	1
MGYG000001686	1
MGYG000000595	4
MGYG000004592	2
MGYG000004900	4
MGYG000000767	3
MGYG000002451	4
MGYG000002413	4
MGYG000002440	4
MGYG000002441	4
MGYG000002544	4
MGYG000004835	4
MGYG000004896	4
MGYG000002352	4
MGYG000002487	4
MGYG000002409	4
MGYG000002442	4
MGYG000004856	4
MGYG000002023	4
MGYG000004554	3
MGYG000004183	4
MGYG000004895	3
MGYG000002419	1
MGYG000004635	2
MGYG000002480	4
MGYG000002712	4
MGYG000004817	4
MGYG000000597	4
MGYG000000643	4
MGYG000001387	4
MGYG000004654	4
MGYG000003303	4
MGYG000004238	2
MGYG000000611	4
MGYG000000635	4
MGYG000002957	3
MGYG000004041	3
MGYG000001600	2
MGYG000004112	3
MGYG000001524	4
MGYG000001740	2
MGYG000000911	4
MGYG000001638	2
MGYG000004264	2
MGYG000001409	3
MGYG000004189	2
MGYG000002509	4
MGYG000002910	4
MGYG000001194	3
MGYG000002074	3
MGYG000004247	2
MGYG000002686	3
MGYG000004138	3
MGYG000001231	3
MGYG000001816	4
MGYG000000081	4
MGYG000000759	2
MGYG000003125	3
MGYG000003196	3
MGYG000003380	3
MGYG000003128	2
MGYG000003375	4
MGYG000003762	3
MGYG000003806	4
MGYG000001554	4
MGYG000001533	3
MGYG000001544	4
MGYG000003805	3
MGYG000001701	4
MGYG000002406	4
MGYG000000762	1
MGYG000001270	2
MGYG000002888	3
MGYG000001540	4
MGYG000001435	3
MGYG000003811	3
MGYG000002895	1
MGYG000003716	1
MGYG000002306	4
MGYG000002359	4
MGYG000001468	4
MGYG000000101	4
MGYG000001450	4
MGYG000000307	2
MGYG000001269	2
MGYG000004883	2
MGYG000001078	1
MGYG000001268	1
MGYG000004886	1
MGYG000001258	2
MGYG000003124	2
MGYG000002999	1
MGYG000003000	1
MGYG000000326	2
MGYG000002537	4
MGYG000001408	4
MGYG000003791	3
MGYG000003792	2
MGYG000000112	4
MGYG000002943	4
MGYG000002900	4
MGYG000004739	4
MGYG000002941	2
MGYG000003014	2
MGYG000000299	1
MGYG000001411	1
MGYG000001621	1
MGYG000003140	2
MGYG000000308	3
MGYG000001273	3
MGYG000001284	3
MGYG000003113	4
MGYG000001441	4
MGYG000002988	4
MGYG000001006	2
MGYG000001285	4
MGYG000004268	1
MGYG000000571	1
MGYG000003808	4
MGYG000004566	2
MGYG000001480	4
MGYG000001522	4
MGYG000003186	1
MGYG000000303	2
MGYG000003810	2
MGYG000002897	2
MGYG000002899	2
MGYG000000336	1
MGYG000003756	1
MGYG000001014	1
MGYG000004314	2
MGYG000003145	4
MGYG000002894	2
MGYG000003130	1
MGYG000003723	2
MGYG000003800	2
MGYG000000642	1
MGYG000004080	2
MGYG000003755	1
MGYG000003314	2
MGYG000001509	3
MGYG000000756	2
MGYG000001490	2
MGYG000003683	3
MGYG000002395	3
MGYG000003452	4
MGYG000001354	4
MGYG000001292	4
MGYG000002469	4
MGYG000002397	3
MGYG000002396	4
MGYG000003383	4
MGYG000001159	4
MGYG000003069	4
MGYG000001287	1
MGYG000003730	1
MGYG000002977	1
MGYG000003725	1
MGYG000003767	1
MGYG000002334	4
MGYG000000775	3
MGYG000002459	3
MGYG000002365	4
MGYG000004731	4
MGYG000001471	3
MGYG000001283	2
MGYG000002940	1
MGYG000003120	1
MGYG000001416	4
MGYG000001537	4
MGYG000001419	4
MGYG000001448	4
MGYG000001486	4
MGYG000000111	4
MGYG000001446	4
MGYG000003135	4
MGYG000002401	4
MGYG000001483	4
MGYG000001484	0
MGYG000004127	4
MGYG000001418	4
MGYG000001443	4
MGYG000000541	4
MGYG000002665	4
MGYG000002669	2
MGYG000003670	2
MGYG000001339	2
MGYG000001389	4
MGYG000001609	4
MGYG000004564	4
MGYG000004902	3
MGYG000001589	4
MGYG000003788	2
MGYG000003722	2
MGYG000003259	1
MGYG000000006	3
MGYG000000011	3
MGYG000000025	3
MGYG000000122	3
MGYG000003401	3
MGYG000001080	1
MGYG000002338	3
MGYG000002399	2
MGYG000002400	3
MGYG000002301	3
MGYG000002337	4
MGYG000002548	4
MGYG000001437	2
MGYG000000010	3
MGYG000001449	1
MGYG000002909	1
MGYG000003121	1
MGYG000003391	1
MGYG000004562	1
MGYG000002983	1
MGYG000002986	1
MGYG000000026	3
MGYG000000547	2
MGYG000000817	3
MGYG000003320	3
MGYG000003653	3
MGYG000000244	4
MGYG000002770	3
MGYG000000134	4
MGYG000001635	4
MGYG000001402	4
MGYG000001452	4
MGYG000004872	4
MGYG000001257	3
MGYG000004834	3
MGYG000004234	3
MGYG000000045	3
MGYG000000670	3
MGYG000002444	4
MGYG000000269	2
MGYG000001304	3
MGYG000001697	4
MGYG000001400	4
MGYG000004633	3
MGYG000000132	3
MGYG000001487	3
MGYG000000908	2
MGYG000000173	2
MGYG000004591	2
MGYG000002952	1
MGYG000000773	3
MGYG000000699	1
MGYG000001826	2
MGYG000000662	1
MGYG000003586	4
MGYG000003620	4
MGYG000000622	2
MGYG000000192	4
MGYG000002779	4
MGYG000001430	4
MGYG000000186	2
MGYG000004375	2
MGYG000000253	3
MGYG000003699	3
MGYG000000655	3
MGYG000001711	3
MGYG000001455	0
MGYG000003689	3
MGYG000004288	2
MGYG000004610	2
MGYG000000267	1
MGYG000000930	2
MGYG000000380	2
MGYG000003874	2
MGYG000002014	3
MGYG000003087	4
MGYG000000223	4
MGYG000000240	3
MGYG000001398	4
MGYG000001008	4
MGYG000001352	4
MGYG000001396	4
MGYG000002268	4
MGYG000001299	2
MGYG000001177	2
MGYG000001684	1
MGYG000001421	4
MGYG000002329	4
MGYG000004077	1
MGYG000000374	1
MGYG000001053	1
MGYG000003257	1
MGYG000001800	1
MGYG000004029	2
MGYG000000427	2
MGYG000004440	1
MGYG000004488	1
MGYG000004199	1
MGYG000002030	3
MGYG000000431	1
MGYG000003568	1
MGYG000004498	1
MGYG000000471	2
MGYG000003476	2
MGYG000001669	1
MGYG000003292	2
MGYG000004360	2
MGYG000003411	2
MGYG000004606	1
MGYG000000435	2
MGYG000003956	1
MGYG000004425	1
MGYG000000478	2
MGYG000001828	1
MGYG000000664	3
MGYG000003507	2
MGYG000000686	2
MGYG000003302	2
MGYG000003426	1
MGYG000000952	1
MGYG000000974	2
MGYG000004545	2
MGYG000000975	0
MGYG000000803	1
MGYG000003385	0
MGYG000003407	1
MGYG000004675	1
MGYG000002220	0
MGYG000000297	1
MGYG000001048	1
MGYG000001184	1
MGYG000004391	1
MGYG000000498	1
MGYG000001672	1
MGYG000004527	1
MGYG000001043	0
MGYG000004455	1
MGYG000002804	1
MGYG000003981	1
MGYG000002139	1
MGYG000001962	0
MGYG000002024	1
MGYG000004406	1
MGYG000002925	1
MGYG000004741	1
MGYG000004795	1
MGYG000001776	1
MGYG000000784	1
MGYG000000714	2
MGYG000004342	1
MGYG000001201	1
MGYG000004502	1
MGYG000001662	1
MGYG000003090	1
MGYG000000419	1
MGYG000004170	1
MGYG000004228	1
MGYG000004303	1
MGYG000000434	1
MGYG000001946	1
MGYG000002167	1
MGYG000003665	1
MGYG000004261	1
MGYG000004333	1
MGYG000000332	1
MGYG000002870	1
MGYG000003998	1
MGYG000004218	1
MGYG000004620	1
MGYG000002240	1
MGYG000004084	1
MGYG000000465	1
MGYG000002002	1
MGYG000004254	1
MGYG000004507	1
MGYG000004393	1
MGYG000004447	1
MGYG000003095	1
MGYG000004546	1
MGYG000004242	1
MGYG000004352	1
MGYG000000958	1
MGYG000001926	1
MGYG000001239	1
MGYG000002265	1
MGYG000004776	1
MGYG000002175	1
MGYG000002253	1
MGYG000004008	1
MGYG000004226	1
MGYG000002799	1
MGYG000003222	1
MGYG000004025	1
MGYG000000381	1
MGYG000002812	1
MGYG000004014	1
MGYG000004379	1
MGYG000004177	1
MGYG000000430	1
MGYG000004409	1
MGYG000000496	1
MGYG000001897	1
MGYG000003518	1
MGYG000004102	1
MGYG000001752	1
MGYG000003663	1
MGYG000004204	1
MGYG000003951	1
MGYG000000469	1
MGYG000000887	1
MGYG000001676	1
MGYG000004753	1
MGYG000004890	1
MGYG000002208	1
MGYG000004508	1
MGYG000002182	1
MGYG000004509	1
MGYG000003671	1
MGYG000004051	1
MGYG000000661	1
MGYG000002259	1
MGYG000003940	1
MGYG000004012	1
MGYG000004101	1
MGYG000004355	1
MGYG000004117	1
MGYG000004389	1
MGYG000000540	1
MGYG000004862	1
MGYG000001917	1
MGYG000001648	1
MGYG000002590	1
MGYG000003659	1
MGYG000003672	0
MGYG000004086	1
MGYG000004395	1
MGYG000002166	1
MGYG000004601	1
MGYG000003832	1
MGYG000004299	1
MGYG000004038	1
MGYG000000426	1
MGYG000004343	1
MGYG000004175	1
MGYG000002248	1
MGYG000002249	1
MGYG000004149	1
MGYG000004669	1
MGYG000004162	1
MGYG000000446	1
MGYG000004401	1
MGYG000001959	1
MGYG000002814	1
MGYG000004417	1
MGYG000002200	1
MGYG000004120	1
MGYG000002607	1
MGYG000004743	1
MGYG000002239	1
MGYG000004530	1
MGYG000001743	1
MGYG000003944	1
MGYG000004167	1
MGYG000004216	1
MGYG000001041	1
MGYG000004211	1
MGYG000001840	1
MGYG000004249	1
MGYG000001968	1
MGYG000002207	1
MGYG000000347	1
MGYG000004460	2
MGYG000004423	1
MGYG000000433	1
MGYG000000588	1
MGYG000000931	1
MGYG000001928	1
MGYG000002191	2
MGYG000003230	2
MGYG000004451	1
MGYG000004538	2
MGYG000001785	1
MGYG000003606	1
MGYG000000488	2
MGYG000003577	2
MGYG000001957	1
MGYG000002786	1
MGYG000004302	2
MGYG000004600	2
MGYG000000037	3
MGYG000000143	3
MGYG000000007	2
MGYG000000161	2
MGYG000004045	2
MGYG000001335	2
MGYG000002348	2
MGYG000002384	2
MGYG000003334	2
MGYG000002379	2
MGYG000001517	1
MGYG000002956	1
MGYG000000844	1
MGYG000000916	2
MGYG000001369	2
MGYG000002313	2
MGYG000000008	2
MGYG000002387	3
MGYG000003690	2
MGYG000002360	2
MGYG000001383	1
MGYG000004767	1
MGYG000000822	2
MGYG000004788	2
MGYG000002789	1
MGYG000002774	4
MGYG000000843	3
MGYG000001293	3
MGYG000002383	3
MGYG000002388	4
MGYG000002339	0
MGYG000000020	1
MGYG000002389	2
MGYG000003710	2
MGYG000000009	2
MGYG000000097	1
MGYG000001334	3
MGYG000002324	2
MGYG000002579	1
MGYG000002390	2
MGYG000000021	2
MGYG000004046	1
MGYG000004665	2
MGYG000001077	1
MGYG000001516	2
MGYG000004668	1
MGYG000004792	1
MGYG000004840	1
MGYG000001336	0
MGYG000004287	2
MGYG000000166	2
MGYG000004819	2
MGYG000002593	1
MGYG000002319	3
MGYG000004861	2
MGYG000004821	1
MGYG000000096	3
MGYG000001341	1
MGYG000003405	1
MGYG000004652	1
MGYG000000155	2
MGYG000004898	1
MGYG000000248	2
MGYG000001340	2
MGYG000001100	1
MGYG000000330	2
MGYG000002472	3
MGYG000003317	2
MGYG000001333	0
MGYG000002542	3
MGYG000002361	1
MGYG000002044	1
MGYG000002380	2
MGYG000004860	2
MGYG000002386	4
MGYG000002787	3
MGYG000001296	1
MGYG000002367	1
MGYG000000023	1
MGYG000000199	1
MGYG000002826	1
MGYG000002843	1
MGYG000001274	1
MGYG000001064	1
MGYG000001289	1
MGYG000000109	1
MGYG000002296	0
MGYG000000114	1
MGYG000001197	1
MGYG000002982	1
MGYG000000298	1
MGYG000000318	1
MGYG000001442	1
MGYG000002822	1
MGYG000001558	2
MGYG000000754	1
MGYG000002891	1
MGYG000002554	1
MGYG000004266	1
MGYG000003739	1
MGYG000002890	1
MGYG000003146	1
MGYG000004603	1
MGYG000003717	1
MGYG000000978	1
MGYG000003797	1
MGYG000003392	1
MGYG000003370	1
MGYG000003136	1
MGYG000003138	1
MGYG000003134	1
MGYG000001342	2
MGYG000002594	1
MGYG000003002	1
MGYG000001362	1
MGYG000002347	2
MGYG000004321	1
MGYG000000088	2
MGYG000001308	2
MGYG000001363	1
MGYG000000246	2
MGYG000003357	1
MGYG000000576	1
MGYG000002349	2
MGYG000000113	2
MGYG000004789	2
MGYG000000580	1
MGYG000002302	1
MGYG000004345	1
MGYG000001068	2
MGYG000000277	2
MGYG000004770	1
MGYG000000226	3
MGYG000000771	1
MGYG000003404	1
MGYG000000230	2
MGYG000000582	2
MGYG000001017	1
MGYG000000681	1
MGYG000002997	1
MGYG000000106	4
MGYG000000238	4
MGYG000000323	3
MGYG000000335	1
MGYG000000163	2
MGYG000001208	3
MGYG000001492	3
MGYG000001696	4
MGYG000002939	2
MGYG000003709	2
MGYG000003714	3
MGYG000002270	4
MGYG000002967	3
MGYG000000162	3
MGYG000004798	3
MGYG000002320	4
MGYG000002353	4
MGYG000002493	4
MGYG000001694	2
MGYG000002468	4
MGYG000000234	2
MGYG000002299	2
MGYG000001075	1
MGYG000002839	1
MGYG000004316	1
MGYG000003010	1
MGYG000001298	2
MGYG000001395	2
MGYG000002325	3
MGYG000002392	3
MGYG000001406	0
MGYG000002457	4
MGYG000002309	4
MGYG000004541	4
MGYG000004730	2
MGYG000001438	4
MGYG000004015	4
MGYG000001482	4
MGYG000000012	4
MGYG000000147	4
MGYG000002357	4
MGYG000000227	4
MGYG000001405	4
MGYG000001712	4
MGYG000002356	4
MGYG000002288	4
MGYG000002283	4
MGYG000000083	4
MGYG000001428	4
MGYG000001498	4
MGYG000004176	2
MGYG000001412	4
MGYG000003133	4
MGYG000002404	4
MGYG000002408	4
MGYG000001469	0
MGYG000001475	4
MGYG000001481	4
MGYG000000191	3
MGYG000001390	4
MGYG000001501	4
MGYG000001403	4
MGYG000001472	4
MGYG000001470	4
MGYG000001702	4
MGYG000002391	4
MGYG000001508	4
MGYG000001523	4
MGYG000001549	4
MGYG000001511	3
MGYG000000079	3
MGYG000000264	4
MGYG000000116	4
MGYG000002937	4
MGYG000002326	4
MGYG000001491	3
MGYG000001453	4
MGYG000002314	4
MGYG000001488	4
MGYG000001510	4
MGYG000001371	4
MGYG000003402	4
MGYG000001507	4
MGYG000002414	4
MGYG000003072	4
MGYG000003687	4
MGYG000001451	4
MGYG000001542	4
MGYG000001525	4
MGYG000001535	4
MGYG000003359	4
MGYG000001526	4
MGYG000001514	4
MGYG000001548	4
MGYG000002490	4
MGYG000002817	4
MGYG000002407	4
MGYG000001404	4
MGYG000001518	4
MGYG000001436	4
MGYG000000027	4
MGYG000001316	4
MGYG000003655	3
MGYG000000182	4
MGYG000001944	4
MGYG000003482	4
MGYG000003625	4
MGYG000003294	1
MGYG000003475	2
MGYG000002022	3
MGYG000002113	0
MGYG000000794	2
MGYG000004717	2
MGYG000002284	2
MGYG000004744	2
MGYG000000100	2
MGYG000002907	4
MGYG000003131	3
MGYG000000218	3
MGYG000000901	3
MGYG000002121	3
MGYG000001556	4
MGYG000004836	4
MGYG000004805	4
MGYG000003477	2
MGYG000003585	2
MGYG000001612	1
MGYG000004611	1
MGYG000000847	2
MGYG000001440	2
MGYG000000294	1
MGYG000000486	2
MGYG000001365	1
MGYG000000591	2
MGYG000002659	1
MGYG000000533	2
MGYG000001790	1
MGYG000001858	1
MGYG000004816	2
MGYG000001859	2
MGYG000000310	1
MGYG000001117	1
MGYG000003635	1
MGYG000000782	1
MGYG000000927	1
MGYG000001629	1
MGYG000000917	1
MGYG000004769	2
MGYG000003868	2
MGYG000001626	1
MGYG000001778	1
MGYG000001870	2
MGYG000001980	1
MGYG000004337	2
MGYG000001259	2
MGYG000002079	2
MGYG000003815	2
MGYG000002969	1
MGYG000000046	3
MGYG000004796	1
MGYG000003271	1
MGYG000000612	2
MGYG000002336	0
MGYG000002547	3
MGYG000003747	2
MGYG000002555	2
MGYG000001802	2
MGYG000001695	3
MGYG000002994	2
MGYG000004801	2
MGYG000002861	2
MGYG000002800	2
MGYG000001281	1
MGYG000000276	3
MGYG000001561	3
MGYG000000558	2
MGYG000004397	1
MGYG000001559	1
MGYG000001762	1
MGYG000004289	1
MGYG000003795	2
MGYG000004272	1
MGYG000000214	1
MGYG000000279	1
MGYG000002646	1
MGYG000000926	1
MGYG000003345	1
MGYG000003071	1
MGYG000004277	1
MGYG000001288	1
MGYG000003784	1
MGYG000004661	1
MGYG000004894	1
MGYG000003188	1
MGYG000004888	1
MGYG000003902	2
MGYG000001010	1
MGYG000000786	1
MGYG000002830	1
MGYG000002642	1
MGYG000000311	1
MGYG000002645	1
MGYG000000293	1
MGYG000000818	1
MGYG000001349	2
MGYG000002640	1
MGYG000003190	1
MGYG000004673	1
MGYG000004858	1
MGYG000001444	2
MGYG000002819	2
MGYG000003406	1
MGYG000002630	1
MGYG000003329	1
MGYG000001066	0
MGYG000003397	0
MGYG000001070	1
MGYG000002902	1
MGYG000003197	1
MGYG000000783	1
MGYG000004782	1
MGYG000000968	1
MGYG000004351	1
MGYG000003343	2
MGYG000002565	1
MGYG000000411	1
MGYG000004158	1
MGYG000000994	1
MGYG000002792	1
MGYG000002777	1
MGYG000000630	3
MGYG000000671	4
MGYG000001397	4
MGYG000003344	4
MGYG000000742	3
MGYG000003348	3
MGYG000004804	1
MGYG000000725	3
MGYG000001248	3
MGYG000002222	3
MGYG000001060	2
MGYG000002562	1
MGYG000001613	1
MGYG000002990	1
MGYG000001162	2
MGYG000004095	1
MGYG000004812	2
MGYG000004110	2
MGYG000002053	1
MGYG000000776	1
MGYG000000757	1
MGYG000002820	1
MGYG000002903	1
MGYG000003772	1
MGYG000000285	2
MGYG000001102	2
MGYG000000413	3
MGYG000004093	3
MGYG000004556	3
MGYG000001023	3
MGYG000001181	1
MGYG000001067	1
MGYG000001171	2
MGYG000003185	1
MGYG000001020	1
MGYG000003218	1
MGYG000004118	1
MGYG000001388	0
MGYG000003704	1
MGYG000000014	4
MGYG000003550	3
MGYG000004667	4
MGYG000000902	4
MGYG000004699	4
MGYG000000151	4
MGYG000000977	3
MGYG000000047	4
MGYG000000104	4
MGYG000003114	4
MGYG000002962	3
MGYG000004852	2
MGYG000003396	4
MGYG000000149	4
MGYG000000839	2
MGYG000001423	4
MGYG000001089	4
MGYG000002190	3
MGYG000000915	4
MGYG000004230	4
MGYG000001328	4
MGYG000002373	4
MGYG000000064	3
MGYG000000048	2
MGYG000002372	4
MGYG000001513	4
MGYG000001553	3
MGYG000001477	4
MGYG000002377	4
MGYG000004714	2
MGYG000001479	4
MGYG000003416	1
MGYG000000125	4
MGYG000002938	2
MGYG000001309	4
MGYG000002355	4
MGYG000003116	2
MGYG000001497	2
MGYG000002375	2
MGYG000003139	2
MGYG000002402	3
MGYG000000115	4
MGYG000001474	4
MGYG000003143	4
MGYG000001407	4
MGYG000001699	4
MGYG000003142	4
MGYG000000121	4
MGYG000001276	4
MGYG000000219	4
MGYG000000807	1
MGYG000001305	2
MGYG000003705	3
MGYG000000120	2
MGYG000000758	1
MGYG000003117	1
MGYG000001532	1
MGYG000001425	1
MGYG000002317	2
MGYG000003150	1
MGYG000002959	1
MGYG000003727	1
MGYG000003802	1
MGYG000003751	1
MGYG000001414	1
MGYG000003719	1
MGYG000003757	1
MGYG000003796	1
MGYG000003759	1
MGYG000000130	2
MGYG000003721	1
MGYG000001506	2
MGYG000000766	1
MGYG000001521	1
MGYG000003738	1
MGYG000001013	1
MGYG000003720	1
MGYG000003740	1
MGYG000003775	1
MGYG000003778	1
MGYG000000761	0
MGYG000003782	0
MGYG000002892	1
MGYG000002901	1
MGYG000003760	1
MGYG000002815	1
MGYG000001011	1
MGYG000003780	1
MGYG000003785	1
MGYG000003789	1
MGYG000003369	1
MGYG000002269	0
MGYG000003129	1
MGYG000003195	1
MGYG000003724	1
MGYG000001355	1
MGYG000001424	1
MGYG000002887	1
MGYG000001495	2
MGYG000001530	1
MGYG000002315	2
MGYG000002316	2
MGYG000001505	2
MGYG000002318	3
MGYG000003793	1
MGYG000003807	1
MGYG000001541	1
MGYG000001563	1
MGYG000003750	1
MGYG000003741	1
MGYG000001291	2
MGYG000002821	2
MGYG000002896	1
MGYG000004678	2
MGYG000003368	2
MGYG000001515	2
MGYG000001301	1
MGYG000002197	1
MGYG000001473	4
MGYG000001610	2
MGYG000001504	4
MGYG000002421	4
MGYG000002818	4
MGYG000003708	3
MGYG000000040	2
MGYG000001651	2
MGYG000002954	2
MGYG000004198	1
MGYG000002975	1
MGYG000004016	2
MGYG000004481	2
MGYG000001727	2
MGYG000003623	1
MGYG000000126	4
MGYG000003210	1
MGYG000000792	1
MGYG000004713	1
MGYG000000063	4
MGYG000002195	4
MGYG000001547	4
MGYG000001953	2
MGYG000000601	1
MGYG000002597	1
MGYG000004631	0
MGYG000003324	1
MGYG000003971	2
MGYG000003748	1
MGYG000003758	1
MGYG000002600	2
MGYG000004729	2
MGYG000004715	2
MGYG000003718	1
MGYG000003898	1
MGYG000003726	1
MGYG000000668	3
MGYG000001577	2
MGYG000000711	1
MGYG000004809	2
MGYG000004308	1
MGYG000001729	2
MGYG000001819	2
MGYG000001893	2
MGYG000004173	1
MGYG000002146	1
MGYG000004863	1
MGYG000002876	2
MGYG000002586	1
MGYG000001191	2
MGYG000000367	1
MGYG000004123	1
MGYG000000103	4
MGYG000002010	1
MGYG000004061	1
MGYG000004171	2
MGYG000003743	1
MGYG000003753	2
MGYG000000296	1
MGYG000001234	1
MGYG000004565	1
MGYG000003729	1
MGYG000001601	2
MGYG000001618	1
MGYG000001232	2
MGYG000001320	2
MGYG000002854	1
MGYG000002369	4
MGYG000002370	4
MGYG000000005	4
MGYG000001623	4
MGYG000000102	4
MGYG000004232	2
MGYG000000062	3
MGYG000001007	3
MGYG000000024	4
MGYG000000075	3
MGYG000000157	3
MGYG000001460	4
MGYG000002563	3
MGYG000000049	3
MGYG000000951	3
