	tip	group
0	MGYG000000001	3
1	MGYG000000002	4
2	MGYG000001758	2
3	MGYG000000201	4
4	MGYG000000623	3
5	MGYG000000184	4
6	MGYG000000200	4
7	MGYG000001189	2
8	MGYG000001338	4
9	MGYG000004785	3
10	MGYG000000213	4
11	MGYG000002312	4
12	MGYG000000133	4
13	MGYG000000301	3
14	MGYG000000966	3
15	MGYG000004623	3
16	MGYG000001594	3
17	MGYG000000171	4
18	MGYG000000252	4
19	MGYG000000212	4
20	MGYG000002298	4
21	MGYG000004733	4
22	MGYG000002985	3
23	MGYG000002966	4
24	MGYG000003822	1
25	MGYG000000806	3
26	MGYG000001224	3
27	MGYG000003821	3
28	MGYG000003012	4
29	MGYG000000050	4
30	MGYG000000031	4
31	MGYG000000263	4
32	MGYG000000142	4
33	MGYG000000216	4
34	MGYG000004269	3
35	MGYG000002837	4
36	MGYG000000035	3
37	MGYG000000119	4
38	MGYG000002738	4
39	MGYG000004747	3
40	MGYG000000913	2
41	MGYG000000990	3
42	MGYG000001704	3
43	MGYG000001602	0
44	MGYG000004903	3
45	MGYG000002149	4
46	MGYG000003326	3
47	MGYG000001596	4
48	MGYG000003771	4
49	MGYG000002212	4
50	MGYG000002215	4
51	MGYG000002756	4
52	MGYG000000123	4
53	MGYG000001689	4
54	MGYG000002437	4
55	MGYG000002286	4
56	MGYG000002475	4
57	MGYG000004869	4
58	MGYG000000251	4
59	MGYG000003676	1
60	MGYG000002835	4
61	MGYG000004233	3
62	MGYG000002276	4
63	MGYG000002655	1
64	MGYG000003192	4
65	MGYG000001187	2
66	MGYG000001690	4
67	MGYG000002186	3
68	MGYG000003695	0
69	MGYG000004296	2
70	MGYG000000092	4
71	MGYG000000137	4
72	MGYG000004735	3
73	MGYG000002025	3
74	MGYG000002210	3
75	MGYG000003594	3
76	MGYG000004589	3
77	MGYG000004764	2
78	MGYG000001698	4
79	MGYG000001873	2
80	MGYG000001988	4
81	MGYG000002277	4
82	MGYG000002989	3
83	MGYG000004712	1
84	MGYG000000135	4
85	MGYG000000287	4
86	MGYG000001063	4
87	MGYG000003147	4
88	MGYG000002403	4
89	MGYG000002785	1
90	MGYG000002216	3
91	MGYG000000140	4
92	MGYG000004140	3
93	MGYG000004693	2
94	MGYG000001004	3
95	MGYG000001027	2
96	MGYG000001219	2
97	MGYG000001748	4
98	MGYG000002271	4
99	MGYG000003335	3
100	MGYG000004839	3
101	MGYG000000051	4
102	MGYG000001178	0
103	MGYG000002029	1
104	MGYG000003783	3
105	MGYG000004630	4
106	MGYG000000141	4
107	MGYG000000359	2
108	MGYG000002304	4
109	MGYG000003427	3
110	MGYG000000066	4
111	MGYG000000095	4
112	MGYG000000378	2
113	MGYG000000038	3
114	MGYG000002279	3
115	MGYG000002992	2
116	MGYG000000146	4
117	MGYG000000229	3
118	MGYG000001072	2
119	MGYG000001687	1
120	MGYG000000987	3
121	MGYG000002393	4
122	MGYG000002202	2
123	MGYG000004263	3
124	MGYG000001303	4
125	MGYG000001607	1
126	MGYG000000165	4
127	MGYG000001496	4
128	MGYG000001710	4
129	MGYG000000067	4
130	MGYG000000206	2
131	MGYG000002145	2
132	MGYG000002376	4
133	MGYG000004572	2
134	MGYG000002845	3
135	MGYG000002949	4
136	MGYG000000159	3
137	MGYG000002290	0
138	MGYG000000181	3
139	MGYG000003706	1
140	MGYG000001315	3
141	MGYG000002234	3
142	MGYG000004689	2
143	MGYG000002945	4
144	MGYG000000164	3
145	MGYG000000175	4
146	MGYG000001499	4
147	MGYG000001368	4
148	MGYG000000176	4
149	MGYG000003777	2
150	MGYG000003715	4
151	MGYG000001380	4
152	MGYG000003065	2
153	MGYG000000249	3
154	MGYG000002772	3
155	MGYG000001310	3
156	MGYG000000545	1
157	MGYG000001018	3
158	MGYG000001810	3
159	MGYG000001210	3
160	MGYG000004609	2
161	MGYG000001374	3
162	MGYG000003984	1
163	MGYG000002150	1
164	MGYG000004558	4
165	MGYG000002596	2
166	MGYG000003245	2
167	MGYG000001528	3
168	MGYG000002838	4
169	MGYG000000268	4
170	MGYG000001379	4
171	MGYG000001994	2
172	MGYG000004799	2
173	MGYG000000148	2
174	MGYG000001005	2
175	MGYG000001566	1
176	MGYG000004842	1
177	MGYG000001373	2
178	MGYG000003148	1
179	MGYG000000859	3
180	MGYG000001439	3
181	MGYG000000041	4
182	MGYG000004250	3
183	MGYG000000217	4
184	MGYG000002247	3
185	MGYG000001964	3
186	MGYG000000583	2
187	MGYG000000621	3
188	MGYG000000417	4
189	MGYG000003661	3
190	MGYG000004203	2
191	MGYG000001876	4
192	MGYG000000532	3
193	MGYG000001965	2
194	MGYG000002140	3
195	MGYG000000325	3
196	MGYG000003678	2
197	MGYG000004114	3
198	MGYG000002657	3
199	MGYG000002141	2
200	MGYG000003486	3
201	MGYG000002285	4
202	MGYG000002256	2
203	MGYG000000600	3
204	MGYG000003615	4
205	MGYG000003422	1
206	MGYG000003578	3
207	MGYG000004039	3
208	MGYG000004169	2
209	MGYG000000312	2
210	MGYG000003834	3
211	MGYG000003702	4
212	MGYG000002148	4
213	MGYG000001615	4
214	MGYG000002267	4
215	MGYG000002330	4
216	MGYG000003684	4
217	MGYG000001809	4
218	MGYG000003063	4
219	MGYG000004136	4
220	MGYG000003613	3
221	MGYG000003619	3
222	MGYG000001814	4
223	MGYG000004431	4
224	MGYG000003517	3
225	MGYG000003648	4
226	MGYG000000515	2
227	MGYG000000886	2
228	MGYG000001970	3
229	MGYG000004593	3
230	MGYG000000361	1
231	MGYG000000058	4
232	MGYG000004740	2
233	MGYG000000969	2
234	MGYG000002278	4
235	MGYG000001456	0
236	MGYG000000280	2
237	MGYG000004548	2
238	MGYG000004082	3
239	MGYG000002531	4
240	MGYG000003616	1
241	MGYG000000076	4
242	MGYG000000245	4
243	MGYG000000546	3
244	MGYG000000389	2
245	MGYG000000271	4
246	MGYG000004271	3
247	MGYG000004719	2
248	MGYG000002517	4
249	MGYG000003892	2
250	MGYG000000997	2
251	MGYG000003644	1
252	MGYG000002046	1
253	MGYG000004752	1
254	MGYG000000136	4
255	MGYG000004403	2
256	MGYG000000543	3
257	MGYG000001637	2
258	MGYG000004414	2
259	MGYG000003694	4
260	MGYG000000489	2
261	MGYG000001186	3
262	MGYG000002492	4
263	MGYG000002670	2
264	MGYG000000356	3
265	MGYG000000153	3
266	MGYG000000154	3
267	MGYG000000626	2
268	MGYG000003215	3
269	MGYG000000404	1
270	MGYG000001811	1
271	MGYG000000574	4
272	MGYG000003970	3
273	MGYG000000387	3
274	MGYG000000030	4
275	MGYG000004382	3
276	MGYG000000139	3
277	MGYG000000169	3
278	MGYG000000208	3
279	MGYG000000204	3
280	MGYG000001645	3
281	MGYG000001032	1
282	MGYG000004055	2
283	MGYG000001141	3
284	MGYG000003954	2
285	MGYG000000060	4
286	MGYG000000187	3
287	MGYG000000078	4
288	MGYG000002552	4
289	MGYG000002580	4
290	MGYG000004381	3
291	MGYG000000638	2
292	MGYG000004317	2
293	MGYG000001998	2
294	MGYG000000562	3
295	MGYG000002559	3
296	MGYG000004385	3
297	MGYG000001193	1
298	MGYG000003149	1
299	MGYG000001314	3
300	MGYG000004879	4
301	MGYG000000484	2
302	MGYG000003640	1
303	MGYG000003500	1
304	MGYG000001319	2
305	MGYG000002131	2
306	MGYG000004369	3
307	MGYG000002609	4
308	MGYG000003925	4
309	MGYG000000032	4
310	MGYG000000150	4
311	MGYG000000145	4
312	MGYG000000152	4
313	MGYG000001571	4
314	MGYG000004680	4
315	MGYG000001688	4
316	MGYG000002439	4
317	MGYG000000087	4
318	MGYG000004677	4
319	MGYG000002226	1
320	MGYG000000205	4
321	MGYG000000233	4
322	MGYG000004582	3
323	MGYG000000255	3
324	MGYG000001199	4
325	MGYG000002628	3
326	MGYG000004604	2
327	MGYG000001367	4
328	MGYG000001617	4
329	MGYG000002445	4
330	MGYG000002170	3
331	MGYG000003074	2
332	MGYG000002483	4
333	MGYG000002136	3
334	MGYG000000172	4
335	MGYG000002328	4
336	MGYG000002946	4
337	MGYG000002995	4
338	MGYG000002829	4
339	MGYG000001606	4
340	MGYG000001954	4
341	MGYG000000179	4
342	MGYG000001311	4
343	MGYG000000198	4
344	MGYG000004087	3
345	MGYG000000650	3
346	MGYG000001045	4
347	MGYG000001386	4
348	MGYG000001564	4
349	MGYG000001493	4
350	MGYG000000242	4
351	MGYG000000774	4
352	MGYG000001246	4
353	MGYG000001065	0
354	MGYG000001531	4
355	MGYG000001250	2
356	MGYG000001622	4
357	MGYG000001971	4
358	MGYG000003593	0
359	MGYG000001247	3
360	MGYG000004774	3
361	MGYG000001603	2
362	MGYG000000281	4
363	MGYG000002417	4
364	MGYG000001251	4
365	MGYG000001952	3
366	MGYG000000194	4
367	MGYG000004855	3
368	MGYG000000259	3
369	MGYG000000274	4
370	MGYG000002280	4
371	MGYG000004691	2
372	MGYG000000909	3
373	MGYG000001619	3
374	MGYG000000278	4
375	MGYG000000680	2
376	MGYG000004660	2
377	MGYG000000539	3
378	MGYG000003442	3
379	MGYG000002243	2
380	MGYG000003597	3
381	MGYG000002658	3
382	MGYG000003009	1
383	MGYG000003013	3
384	MGYG000000578	1
385	MGYG000002052	1
386	MGYG000003001	2
387	MGYG000003779	1
388	MGYG000003786	2
389	MGYG000002522	4
390	MGYG000003381	3
391	MGYG000002638	2
392	MGYG000003366	3
393	MGYG000000193	4
394	MGYG000004884	4
395	MGYG000000118	3
396	MGYG000000202	4
397	MGYG000004519	2
398	MGYG000002075	0
399	MGYG000000346	2
400	MGYG000000209	3
401	MGYG000001848	2
402	MGYG000001777	2
403	MGYG000004697	2
404	MGYG000003949	3
405	MGYG000001652	2
406	MGYG000003936	1
407	MGYG000004132	3
408	MGYG000004210	2
409	MGYG000000250	4
410	MGYG000001831	4
411	MGYG000002633	3
412	MGYG000002292	0
413	MGYG000000282	3
414	MGYG000000398	3
415	MGYG000002297	3
416	MGYG000001254	3
417	MGYG000000586	1
418	MGYG000003273	1
419	MGYG000001076	4
420	MGYG000001543	4
421	MGYG000003769	4
422	MGYG000003355	4
423	MGYG000002836	4
424	MGYG000002963	4
425	MGYG000004891	4
426	MGYG000002464	4
427	MGYG000000127	4
428	MGYG000004762	3
429	MGYG000001252	2
430	MGYG000003867	2
431	MGYG000001683	2
432	MGYG000002974	2
433	MGYG000001955	0
434	MGYG000003828	2
435	MGYG000001961	1
436	MGYG000004552	2
437	MGYG000001714	4
438	MGYG000004581	3
439	MGYG000000018	3
440	MGYG000000364	3
441	MGYG000003165	2
442	MGYG000001745	3
443	MGYG000000231	3
444	MGYG000000189	3
445	MGYG000001707	3
446	MGYG000003239	3
447	MGYG000002289	2
448	MGYG000000190	3
449	MGYG000003552	2
450	MGYG000000625	2
451	MGYG000000501	2
452	MGYG000003458	2
453	MGYG000003425	4
454	MGYG000000627	2
455	MGYG000001855	2
456	MGYG000000864	0
457	MGYG000001793	2
458	MGYG000000514	3
459	MGYG000000685	3
460	MGYG000000690	3
461	MGYG000001797	4
462	MGYG000003929	3
463	MGYG000004380	2
464	MGYG000000721	2
465	MGYG000000028	2
466	MGYG000000065	3
467	MGYG000002528	4
468	MGYG000001087	4
469	MGYG000004359	2
470	MGYG000000687	2
471	MGYG000000052	3
472	MGYG000000080	3
473	MGYG000000988	3
474	MGYG000000077	4
475	MGYG000000262	4
476	MGYG000002018	2
477	MGYG000002693	3
478	MGYG000000991	4
479	MGYG000004781	4
480	MGYG000001033	1
481	MGYG000001728	1
482	MGYG000002126	1
483	MGYG000004224	1
484	MGYG000003214	4
485	MGYG000004775	3
486	MGYG000000016	2
487	MGYG000001820	2
488	MGYG000002791	1
489	MGYG000001862	2
490	MGYG000003647	1
491	MGYG000002623	3
492	MGYG000004718	2
493	MGYG000000177	2
494	MGYG000000420	2
495	MGYG000002626	2
496	MGYG000004847	2
497	MGYG000004642	1
498	MGYG000004285	2
499	MGYG000001118	1
500	MGYG000004870	1
501	MGYG000000286	1
502	MGYG000004547	2
503	MGYG000000967	1
504	MGYG000001183	2
505	MGYG000004634	2
506	MGYG000001833	2
507	MGYG000001660	2
508	MGYG000001160	2
509	MGYG000002602	2
510	MGYG000004067	2
511	MGYG000004429	3
512	MGYG000000555	3
513	MGYG000000919	4
514	MGYG000000989	4
515	MGYG000000004	4
516	MGYG000003876	4
517	MGYG000004618	4
518	MGYG000000131	4
519	MGYG000000689	2
520	MGYG000004111	2
521	MGYG000002102	2
522	MGYG000003311	2
523	MGYG000004663	3
524	MGYG000001611	2
525	MGYG000002039	2
526	MGYG000002689	2
527	MGYG000003299	1
528	MGYG000001057	2
529	MGYG000003895	1
530	MGYG000004644	3
531	MGYG000002129	1
532	MGYG000003854	2
533	MGYG000002625	2
534	MGYG000002410	4
535	MGYG000000466	2
536	MGYG000000663	3
537	MGYG000002677	1
538	MGYG000002684	2
539	MGYG000002708	3
540	MGYG000000034	2
541	MGYG000001725	3
542	MGYG000001808	1
543	MGYG000003238	1
544	MGYG000001597	3
545	MGYG000000450	4
546	MGYG000002089	1
547	MGYG000000537	3
548	MGYG000004849	4
549	MGYG000004184	2
550	MGYG000004646	1
551	MGYG000001332	4
552	MGYG000001560	0
553	MGYG000003313	2
554	MGYG000003838	2
555	MGYG000003911	1
556	MGYG000004022	2
557	MGYG000000072	3
558	MGYG000004471	2
559	MGYG000001756	3
560	MGYG000004304	1
561	MGYG000001375	3
562	MGYG000000605	2
563	MGYG000001151	3
564	MGYG000004586	3
565	MGYG000003337	3
566	MGYG000001021	3
567	MGYG000002295	4
568	MGYG000002573	3
569	MGYG000004275	3
570	MGYG000001129	2
571	MGYG000003583	3
572	MGYG000000959	3
573	MGYG000001681	3
574	MGYG000003005	3
575	MGYG000004384	2
576	MGYG000002230	2
577	MGYG000004057	1
578	MGYG000001757	2
579	MGYG000004598	2
580	MGYG000002881	1
581	MGYG000004854	3
582	MGYG000001940	0
583	MGYG000003431	2
584	MGYG000004347	1
585	MGYG000004517	3
586	MGYG000000089	3
587	MGYG000000424	4
588	MGYG000000510	3
589	MGYG000001987	4
590	MGYG000002264	3
591	MGYG000003858	3
592	MGYG000004612	3
593	MGYG000000517	3
594	MGYG000002221	2
595	MGYG000000867	1
596	MGYG000001649	2
597	MGYG000004587	3
598	MGYG000001865	1
599	MGYG000001202	3
600	MGYG000002321	4
601	MGYG000003162	1
602	MGYG000004282	2
603	MGYG000001798	2
604	MGYG000001908	3
605	MGYG000002880	2
606	MGYG000003587	1
607	MGYG000003104	2
608	MGYG000003826	2
609	MGYG000004244	2
610	MGYG000000362	3
611	MGYG000000487	4
612	MGYG000000561	3
613	MGYG000002056	3
614	MGYG000000892	3
615	MGYG000002008	0
616	MGYG000003496	2
617	MGYG000003421	4
618	MGYG000001887	0
619	MGYG000003844	3
620	MGYG000003927	2
621	MGYG000002530	3
622	MGYG000003494	2
623	MGYG000002661	3
624	MGYG000003319	1
625	MGYG000002965	1
626	MGYG000000022	4
627	MGYG000004679	1
628	MGYG000004340	3
629	MGYG000000039	4
630	MGYG000000195	4
631	MGYG000003675	4
632	MGYG000002040	3
633	MGYG000002545	4
634	MGYG000002274	4
635	MGYG000000512	2
636	MGYG000000876	2
637	MGYG000001300	0
638	MGYG000002610	3
639	MGYG000002641	4
640	MGYG000002619	4
641	MGYG000002651	3
642	MGYG000002223	3
643	MGYG000002809	3
644	MGYG000000589	3
645	MGYG000003899	3
646	MGYG000003291	3
647	MGYG000001255	3
648	MGYG000002272	4
649	MGYG000003166	3
650	MGYG000004336	3
651	MGYG000003323	2
652	MGYG000002224	3
653	MGYG000000084	4
654	MGYG000000724	3
655	MGYG000001157	4
656	MGYG000002059	3
657	MGYG000003921	4
658	MGYG000001627	3
659	MGYG000004866	4
660	MGYG000000573	3
661	MGYG000001015	1
662	MGYG000001322	4
663	MGYG000003042	3
664	MGYG000001761	3
665	MGYG000003937	3
666	MGYG000000920	4
667	MGYG000001205	4
668	MGYG000004732	4
669	MGYG000004700	3
670	MGYG000000636	4
671	MGYG000002037	3
672	MGYG000002105	2
673	MGYG000001527	4
674	MGYG000002017	1
675	MGYG000002780	4
676	MGYG000004126	4
677	MGYG000002155	4
678	MGYG000004143	4
679	MGYG000004791	4
680	MGYG000003682	4
681	MGYG000000319	2
682	MGYG000001106	2
683	MGYG000000425	1
684	MGYG000004104	2
685	MGYG000001454	4
686	MGYG000002546	4
687	MGYG000000036	3
688	MGYG000000402	1
689	MGYG000000258	2
690	MGYG000002482	3
691	MGYG000000392	2
692	MGYG000003112	1
693	MGYG000002263	2
694	MGYG000004520	2
695	MGYG000004334	2
696	MGYG000001082	2
697	MGYG000002303	3
698	MGYG000002570	2
699	MGYG000003990	2
700	MGYG000000924	2
701	MGYG000000937	2
702	MGYG000002736	2
703	MGYG000002159	2
704	MGYG000002194	2
705	MGYG000001685	2
706	MGYG000003889	2
707	MGYG000003932	2
708	MGYG000004555	2
709	MGYG000000505	1
710	MGYG000000607	1
711	MGYG000001206	1
712	MGYG000003667	1
713	MGYG000000972	1
714	MGYG000001125	1
715	MGYG000004496	1
716	MGYG000003453	1
717	MGYG000001801	1
718	MGYG000004322	0
719	MGYG000001901	1
720	MGYG000004437	1
721	MGYG000003581	3
722	MGYG000000069	3
723	MGYG000003872	3
724	MGYG000003768	1
725	MGYG000002702	3
726	MGYG000000295	3
727	MGYG000001467	4
728	MGYG000002420	3
729	MGYG000003055	1
730	MGYG000004115	2
731	MGYG000004236	2
732	MGYG000004873	1
733	MGYG000001069	0
734	MGYG000001570	1
735	MGYG000001749	4
736	MGYG000002857	3
737	MGYG000003863	3
738	MGYG000002416	4
739	MGYG000001476	4
740	MGYG000002934	3
741	MGYG000002135	3
742	MGYG000003004	2
743	MGYG000000316	2
744	MGYG000001081	4
745	MGYG000001169	2
746	MGYG000004723	3
747	MGYG000002233	3
748	MGYG000004129	4
749	MGYG000004807	4
750	MGYG000001212	2
751	MGYG000001781	2
752	MGYG000002192	2
753	MGYG000001979	1
754	MGYG000004616	3
755	MGYG000001539	4
756	MGYG000001760	4
757	MGYG000004815	4
758	MGYG000004887	2
759	MGYG000003656	3
760	MGYG000004727	1
761	MGYG000004850	2
762	MGYG000000390	2
763	MGYG000002038	4
764	MGYG000003855	1
765	MGYG000000129	3
766	MGYG000003841	1
767	MGYG000000388	3
768	MGYG000004159	4
769	MGYG000002697	3
770	MGYG000002709	2
771	MGYG000004076	1
772	MGYG000002694	2
773	MGYG000003211	2
774	MGYG000004116	4
775	MGYG000004075	4
776	MGYG000004889	4
777	MGYG000001654	4
778	MGYG000002705	4
779	MGYG000002711	4
780	MGYG000003236	4
781	MGYG000004146	3
782	MGYG000004779	4
783	MGYG000001936	3
784	MGYG000002093	3
785	MGYG000002128	2
786	MGYG000003296	3
787	MGYG000002031	3
788	MGYG000004106	3
789	MGYG000003278	3
790	MGYG000003629	1
791	MGYG000003412	4
792	MGYG000003160	2
793	MGYG000004892	2
794	MGYG000003916	3
795	MGYG000004292	2
796	MGYG000000379	2
797	MGYG000003054	1
798	MGYG000002019	2
799	MGYG000002227	2
800	MGYG000001799	1
801	MGYG000002232	2
802	MGYG000000453	2
803	MGYG000004099	2
804	MGYG000003161	2
805	MGYG000001956	2
806	MGYG000000943	1
807	MGYG000003241	2
808	MGYG000003842	2
809	MGYG000004690	1
810	MGYG000000443	1
811	MGYG000001569	2
812	MGYG000004392	1
813	MGYG000003430	1
814	MGYG000001230	1
815	MGYG000002807	1
816	MGYG000002262	1
817	MGYG000002771	1
818	MGYG000004643	2
819	MGYG000000646	2
820	MGYG000002260	2
821	MGYG000001737	2
822	MGYG000001098	2
823	MGYG000003437	2
824	MGYG000001572	1
825	MGYG000003156	2
826	MGYG000000395	1
827	MGYG000001029	2
828	MGYG000002848	1
829	MGYG000003176	2
830	MGYG000000669	2
831	MGYG000001769	2
832	MGYG000003488	2
833	MGYG000004413	2
834	MGYG000002805	2
835	MGYG000000723	2
836	MGYG000004256	2
837	MGYG000003591	0
838	MGYG000003641	2
839	MGYG000002001	3
840	MGYG000003524	1
841	MGYG000001037	2
842	MGYG000003576	2
843	MGYG000002258	2
844	MGYG000003484	3
845	MGYG000002246	1
846	MGYG000003432	3
847	MGYG000003510	2
848	MGYG000003473	2
849	MGYG000003153	2
850	MGYG000003628	1
851	MGYG000003307	2
852	MGYG000000726	1
853	MGYG000004027	2
854	MGYG000003059	2
855	MGYG000003752	2
856	MGYG000003171	2
857	MGYG000003428	2
858	MGYG000004323	2
859	MGYG000003545	1
860	MGYG000003557	1
861	MGYG000000809	3
862	MGYG000002980	2
863	MGYG000002228	3
864	MGYG000003987	3
865	MGYG000002196	3
866	MGYG000001912	1
867	MGYG000004265	3
868	MGYG000003809	1
869	MGYG000000383	1
870	MGYG000003471	1
871	MGYG000000457	2
872	MGYG000000752	4
873	MGYG000002257	3
874	MGYG000001244	2
875	MGYG000001146	2
876	MGYG000004194	3
877	MGYG000000992	1
878	MGYG000001984	2
879	MGYG000004543	1
880	MGYG000004560	3
881	MGYG000004531	1
882	MGYG000002984	1
883	MGYG000004470	2
884	MGYG000000518	2
885	MGYG000003538	1
886	MGYG000001837	1
887	MGYG000003509	1
888	MGYG000003555	1
889	MGYG000000704	3
890	MGYG000001116	3
891	MGYG000003243	2
892	MGYG000003947	1
893	MGYG000000935	2
894	MGYG000001860	2
895	MGYG000000932	2
896	MGYG000001766	1
897	MGYG000003547	1
898	MGYG000003955	1
899	MGYG000002147	1
900	MGYG000004032	1
901	MGYG000000456	2
902	MGYG000002553	1
903	MGYG000004049	2
904	MGYG000004131	1
905	MGYG000004279	2
906	MGYG000003887	1
907	MGYG000004229	2
908	MGYG000000059	4
909	MGYG000003309	1
910	MGYG000000090	4
911	MGYG000004832	3
912	MGYG000002103	2
913	MGYG000000178	4
914	MGYG000000070	4
915	MGYG000000086	4
916	MGYG000002006	4
917	MGYG000003327	4
918	MGYG000000550	4
919	MGYG000001356	4
920	MGYG000002588	3
921	MGYG000004628	4
922	MGYG000001598	3
923	MGYG000001500	4
924	MGYG000004811	1
925	MGYG000000071	4
926	MGYG000004726	4
927	MGYG000002953	4
928	MGYG000000099	4
929	MGYG000003770	4
930	MGYG000003869	3
931	MGYG000002707	4
932	MGYG000004074	3
933	MGYG000000910	1
934	MGYG000002035	3
935	MGYG000001502	4
936	MGYG000004068	3
937	MGYG000001592	4
938	MGYG000002828	3
939	MGYG000002340	4
940	MGYG000001958	2
941	MGYG000002944	4
942	MGYG000004142	2
943	MGYG000000339	2
944	MGYG000002673	3
945	MGYG000003975	3
946	MGYG000004725	3
947	MGYG000003600	1
948	MGYG000000739	3
949	MGYG000001225	2
950	MGYG000002448	3
951	MGYG000004163	4
952	MGYG000004736	2
953	MGYG000001238	3
954	MGYG000000377	3
955	MGYG000002068	3
956	MGYG000002776	1
957	MGYG000001204	2
958	MGYG000003860	2
959	MGYG000003950	0
960	MGYG000004252	2
961	MGYG000000474	3
962	MGYG000000837	2
963	MGYG000002057	2
964	MGYG000002617	2
965	MGYG000000841	0
966	MGYG000004784	2
967	MGYG000002114	3
968	MGYG000004683	4
969	MGYG000000808	3
970	MGYG000002680	4
971	MGYG000002327	4
972	MGYG000001949	2
973	MGYG000001983	3
974	MGYG000002704	4
975	MGYG000000921	3
976	MGYG000002682	3
977	MGYG000001742	4
978	MGYG000001576	4
979	MGYG000002229	4
980	MGYG000003589	4
981	MGYG000001616	4
982	MGYG000002691	4
983	MGYG000003910	3
984	MGYG000002964	2
985	MGYG000002727	4
986	MGYG000000703	3
987	MGYG000004463	4
988	MGYG000004028	3
989	MGYG000004525	3
990	MGYG000000713	2
991	MGYG000002090	1
992	MGYG000000877	2
993	MGYG000001824	2
994	MGYG000002156	3
995	MGYG000004487	3
996	MGYG000002143	3
997	MGYG000002144	2
998	MGYG000002720	2
999	MGYG000004004	2
1000	MGYG000002794	2
1001	MGYG000004376	3
1002	MGYG000004475	2
1003	MGYG000002095	1
1004	MGYG000001733	2
1005	MGYG000002595	1
1006	MGYG000002612	2
1007	MGYG000004412	2
1008	MGYG000002724	2
1009	MGYG000004092	2
1010	MGYG000002882	3
1011	MGYG000004196	2
1012	MGYG000002926	2
1013	MGYG000004071	3
1014	MGYG000000753	2
1015	MGYG000004206	3
1016	MGYG000002116	2
1017	MGYG000004482	2
1018	MGYG000004165	2
1019	MGYG000004489	3
1020	MGYG000004276	3
1021	MGYG000003686	4
1022	MGYG000002715	3
1023	MGYG000004831	2
1024	MGYG000001286	4
1025	MGYG000003819	3
1026	MGYG000002213	3
1027	MGYG000002840	3
1028	MGYG000002726	2
1029	MGYG000000334	3
1030	MGYG000002154	4
1031	MGYG000004575	3
1032	MGYG000004833	3
1033	MGYG000001723	3
1034	MGYG000000938	4
1035	MGYG000004557	4
1036	MGYG000002152	4
1037	MGYG000001174	4
1038	MGYG000002841	3
1039	MGYG000003820	3
1040	MGYG000000368	1
1041	MGYG000002656	1
1042	MGYG000002716	2
1043	MGYG000000729	2
1044	MGYG000004672	2
1045	MGYG000001919	2
1046	MGYG000004388	2
1047	MGYG000001166	2
1048	MGYG000001650	1
1049	MGYG000004327	1
1050	MGYG000004200	2
1051	MGYG000004486	2
1052	MGYG000002667	2
1053	MGYG000000746	2
1054	MGYG000002084	2
1055	MGYG000003825	2
1056	MGYG000004130	2
1057	MGYG000001028	1
1058	MGYG000003877	1
1059	MGYG000001192	3
1060	MGYG000004062	3
1061	MGYG000002802	2
1062	MGYG000003668	3
1063	MGYG000001049	2
1064	MGYG000004139	2
1065	MGYG000001243	3
1066	MGYG000003938	3
1067	MGYG000003978	3
1068	MGYG000004059	2
1069	MGYG000001947	3
1070	MGYG000002874	3
1071	MGYG000000884	3
1072	MGYG000001565	3
1073	MGYG000004526	3
1074	MGYG000002753	1
1075	MGYG000001136	3
1076	MGYG000001046	2
1077	MGYG000002026	1
1078	MGYG000004803	1
1079	MGYG000000709	1
1080	MGYG000000735	3
1081	MGYG000002036	2
1082	MGYG000001155	3
1083	MGYG000004137	4
1084	MGYG000002696	3
1085	MGYG000000369	3
1086	MGYG000002710	3
1087	MGYG000000883	2
1088	MGYG000002034	3
1089	MGYG000004818	2
1090	MGYG000000370	4
1091	MGYG000002993	0
1092	MGYG000003664	4
1093	MGYG000001632	3
1094	MGYG000002085	4
1095	MGYG000000651	4
1096	MGYG000001841	2
1097	MGYG000000741	4
1098	MGYG000004248	3
1099	MGYG000004702	2
1100	MGYG000000500	3
1101	MGYG000002254	3
1102	MGYG000002589	4
1103	MGYG000003884	2
1104	MGYG000000743	3
1105	MGYG000004262	4
1106	MGYG000002124	3
1107	MGYG000003057	2
1108	MGYG000003269	2
1109	MGYG000003409	3
1110	MGYG000001754	2
1111	MGYG000002601	3
1112	MGYG000003824	3
1113	MGYG000004201	3
1114	MGYG000003574	4
1115	MGYG000003561	0
1116	MGYG000003293	2
1117	MGYG000002042	3
1118	MGYG000001109	4
1119	MGYG000004341	3
1120	MGYG000003658	3
1121	MGYG000000691	3
1122	MGYG000002238	3
1123	MGYG000002795	3
1124	MGYG000001228	3
1125	MGYG000002255	3
1126	MGYG000002250	3
1127	MGYG000001969	2
1128	MGYG000003571	1
1129	MGYG000003263	3
1130	MGYG000000710	3
1131	MGYG000000715	3
1132	MGYG000002115	2
1133	MGYG000002045	2
1134	MGYG000004745	1
1135	MGYG000002060	4
1136	MGYG000000736	2
1137	MGYG000003850	1
1138	MGYG000002073	2
1139	MGYG000001226	3
1140	MGYG000003980	3
1141	MGYG000004897	3
1142	MGYG000004686	4
1143	MGYG000002067	2
1144	MGYG000002071	2
1145	MGYG000003297	1
1146	MGYG000003289	1
1147	MGYG000000068	4
1148	MGYG000000838	2
1149	MGYG000002138	3
1150	MGYG000003909	3
1151	MGYG000004135	1
1152	MGYG000002863	2
1153	MGYG000000185	4
1154	MGYG000002127	1
1155	MGYG000001115	3
1156	MGYG000002287	4
1157	MGYG000001434	4
1158	MGYG000002718	3
1159	MGYG000003907	1
1160	MGYG000001120	2
1161	MGYG000000220	4
1162	MGYG000002627	3
1163	MGYG000002604	2
1164	MGYG000004122	3
1165	MGYG000001891	1
1166	MGYG000002091	2
1167	MGYG000004438	4
1168	MGYG000003305	1
1169	MGYG000004787	2
1170	MGYG000004857	1
1171	MGYG000002061	3
1172	MGYG000004709	4
1173	MGYG000004802	1
1174	MGYG000000328	2
1175	MGYG000004113	3
1176	MGYG000003219	2
1177	MGYG000000386	2
1178	MGYG000002672	3
1179	MGYG000004030	3
1180	MGYG000004353	1
1181	MGYG000002723	3
1182	MGYG000002810	3
1183	MGYG000003996	2
1184	MGYG000002872	4
1185	MGYG000003966	2
1186	MGYG000000350	1
1187	MGYG000003959	2
1188	MGYG000003601	1
1189	MGYG000000416	3
1190	MGYG000000490	4
1191	MGYG000000440	4
1192	MGYG000003456	4
1193	MGYG000001821	3
1194	MGYG000001765	2
1195	MGYG000003306	3
1196	MGYG000000719	2
1197	MGYG000001934	2
1198	MGYG000000520	2
1199	MGYG000003582	0
1200	MGYG000001905	1
1201	MGYG000001879	1
1202	MGYG000003997	2
1203	MGYG000000371	2
1204	MGYG000000405	3
1205	MGYG000000647	3
1206	MGYG000004624	1
1207	MGYG000000352	1
1208	MGYG000003964	2
1209	MGYG000003450	3
1210	MGYG000004722	2
1211	MGYG000003840	1
1212	MGYG000000516	3
1213	MGYG000002047	3
1214	MGYG000004214	3
1215	MGYG000000900	2
1216	MGYG000003839	1
1217	MGYG000004098	2
1218	MGYG000000454	1
1219	MGYG000000468	4
1220	MGYG000002123	4
1221	MGYG000004436	1
1222	MGYG000003963	2
1223	MGYG000004024	1
1224	MGYG000004035	2
1225	MGYG000004810	1
1226	MGYG000002245	1
1227	MGYG000003973	3
1228	MGYG000000463	1
1229	MGYG000002261	1
1230	MGYG000003465	2
1231	MGYG000001913	2
1232	MGYG000000508	2
1233	MGYG000000750	2
1234	MGYG000003084	2
1235	MGYG000002676	3
1236	MGYG000004472	3
1237	MGYG000003070	2
1238	MGYG000004503	2
1239	MGYG000001133	1
1240	MGYG000004246	2
1241	MGYG000003979	3
1242	MGYG000000366	4
1243	MGYG000000476	4
1244	MGYG000004231	3
1245	MGYG000004783	2
1246	MGYG000000481	3
1247	MGYG000004108	3
1248	MGYG000002913	3
1249	MGYG000000615	2
1250	MGYG000001764	2
1251	MGYG000003207	1
1252	MGYG000002004	1
1253	MGYG000004081	4
1254	MGYG000004125	3
1255	MGYG000003529	2
1256	MGYG000000894	1
1257	MGYG000001271	0
1258	MGYG000004145	2
1259	MGYG000002695	1
1260	MGYG000001869	1
1261	MGYG000004033	1
1262	MGYG000001818	1
1263	MGYG000004124	1
1264	MGYG000003220	1
1265	MGYG000001909	2
1266	MGYG000004089	1
1267	MGYG000004760	1
1268	MGYG000002005	2
1269	MGYG000002698	1
1270	MGYG000004100	1
1271	MGYG000000033	3
1272	MGYG000000587	1
1273	MGYG000002758	2
1274	MGYG000000403	2
1275	MGYG000004881	2
1276	MGYG000002713	3
1277	MGYG000001000	2
1278	MGYG000004845	2
1279	MGYG000001732	2
1280	MGYG000001101	1
1281	MGYG000002251	1
1282	MGYG000003595	0
1283	MGYG000001024	2
1284	MGYG000004085	1
1285	MGYG000004128	2
1286	MGYG000000820	3
1287	MGYG000002685	3
1288	MGYG000004064	3
1289	MGYG000000495	2
1290	MGYG000002252	1
1291	MGYG000003468	1
1292	MGYG000004223	3
1293	MGYG000004072	3
1294	MGYG000000674	2
1295	MGYG000004439	2
1296	MGYG000001902	1
1297	MGYG000004826	1
1298	MGYG000003943	2
1299	MGYG000004193	2
1300	MGYG000004243	1
1301	MGYG000002683	4
1302	MGYG000000706	2
1303	MGYG000001222	2
1304	MGYG000001220	1
1305	MGYG000001817	2
1306	MGYG000004036	4
1307	MGYG000003560	1
1308	MGYG000002132	1
1309	MGYG000004707	1
1310	MGYG000002424	3
1311	MGYG000004144	1
1312	MGYG000004164	2
1313	MGYG000001903	2
1314	MGYG000003068	1
1315	MGYG000001671	4
1316	MGYG000001896	0
1317	MGYG000004109	2
1318	MGYG000002719	3
1319	MGYG000004133	2
1320	MGYG000004157	2
1321	MGYG000000365	1
1322	MGYG000000738	1
1323	MGYG000004453	1
1324	MGYG000003086	1
1325	MGYG000003280	1
1326	MGYG000001185	1
1327	MGYG000001031	1
1328	MGYG000001110	1
1329	MGYG000004411	1
1330	MGYG000000375	1
1331	MGYG000000903	1
1332	MGYG000004800	1
1333	MGYG000000432	1
1334	MGYG000002581	1
1335	MGYG000000857	0
1336	MGYG000001942	1
1337	MGYG000000449	1
1338	MGYG000000791	1
1339	MGYG000001825	1
1340	MGYG000001182	0
1341	MGYG000004191	1
1342	MGYG000001989	1
1343	MGYG000004047	1
1344	MGYG000003977	1
1345	MGYG000004458	1
1346	MGYG000004494	1
1347	MGYG000004405	1
1348	MGYG000000382	1
1349	MGYG000000950	1
1350	MGYG000004222	1
1351	MGYG000001739	1
1352	MGYG000004212	1
1353	MGYG000003939	1
1354	MGYG000000421	1
1355	MGYG000000494	1
1356	MGYG000000656	1
1357	MGYG000003942	1
1358	MGYG000003284	1
1359	MGYG000003481	1
1360	MGYG000004103	1
1361	MGYG000000384	1
1362	MGYG000002572	1
1363	MGYG000000982	1
1364	MGYG000004357	1
1365	MGYG000001216	1
1366	MGYG000001256	1
1367	MGYG000004005	1
1368	MGYG000004119	1
1369	MGYG000000372	1
1370	MGYG000004155	1
1371	MGYG000000929	1
1372	MGYG000004477	1
1373	MGYG000004794	1
1374	MGYG000001746	1
1375	MGYG000004078	1
1376	MGYG000004319	1
1377	MGYG000004539	1
1378	MGYG000004771	1
1379	MGYG000000665	1
1380	MGYG000004260	1
1381	MGYG000004657	1
1382	MGYG000001991	1
1383	MGYG000000732	1
1384	MGYG000002773	1
1385	MGYG000004350	1
1386	MGYG000000945	1
1387	MGYG000004449	1
1388	MGYG000004534	1
1389	MGYG000004685	1
1390	MGYG000002177	1
1391	MGYG000002241	1
1392	MGYG000004192	1
1393	MGYG000004452	1
1394	MGYG000000976	1
1395	MGYG000004904	1
1396	MGYG000002583	1
1397	MGYG000002180	1
1398	MGYG000001967	1
1399	MGYG000004195	1
1400	MGYG000004237	1
1401	MGYG000001646	1
1402	MGYG000002798	1
1403	MGYG000004515	1
1404	MGYG000004594	1
1405	MGYG000002797	1
1406	MGYG000002201	1
1407	MGYG000000482	1
1408	MGYG000001861	1
1409	MGYG000001175	1
1410	MGYG000004540	1
1411	MGYG000002266	1
1412	MGYG000000423	1
1413	MGYG000003058	1
1414	MGYG000004073	1
1415	MGYG000003501	2
1416	MGYG000000948	1
1417	MGYG000002811	1
1418	MGYG000001195	1
1419	MGYG000000521	1
1420	MGYG000001677	1
1421	MGYG000003974	1
1422	MGYG000001647	1
1423	MGYG000001883	1
1424	MGYG000004178	1
1425	MGYG000004311	1
1426	MGYG000003110	1
1427	MGYG000003669	1
1428	MGYG000003749	1
1429	MGYG000003781	1
1430	MGYG000000477	1
1431	MGYG000002571	1
1432	MGYG000000609	1
1433	MGYG000004215	1
1434	MGYG000001922	1
1435	MGYG000004427	1
1436	MGYG000003935	1
1437	MGYG000004000	0
1438	MGYG000004306	1
1439	MGYG000004446	1
1440	MGYG000002769	1
1441	MGYG000002237	1
1442	MGYG000000373	3
1443	MGYG000001016	3
1444	MGYG000000455	2
1445	MGYG000001673	3
1446	MGYG000001779	3
1447	MGYG000000728	1
1448	MGYG000001280	1
1449	MGYG000003776	1
1450	MGYG000003801	2
1451	MGYG000000073	3
1452	MGYG000000727	4
1453	MGYG000003833	4
1454	MGYG000000745	4
1455	MGYG000000747	4
1456	MGYG000004052	4
1457	MGYG000001103	3
1458	MGYG000001237	3
1459	MGYG000003490	4
1460	MGYG000003512	4
1461	MGYG000003891	4
1462	MGYG000002097	4
1463	MGYG000003875	4
1464	MGYG000003773	4
1465	MGYG000004786	4
1466	MGYG000004168	4
1467	MGYG000004174	4
1468	MGYG000004107	3
1469	MGYG000003417	4
1470	MGYG000004088	4
1471	MGYG000001658	4
1472	MGYG000002098	4
1473	MGYG000002072	4
1474	MGYG000003224	4
1475	MGYG000004154	3
1476	MGYG000001156	4
1477	MGYG000001170	4
1478	MGYG000001823	4
1479	MGYG000002011	3
1480	MGYG000002151	3
1481	MGYG000001218	3
1482	MGYG000003871	1
1483	MGYG000002699	4
1484	MGYG000004017	4
1485	MGYG000001217	4
1486	MGYG000003308	4
1487	MGYG000004044	3
1488	MGYG000004874	2
1489	MGYG000002099	4
1490	MGYG000004153	4
1491	MGYG000000922	4
1492	MGYG000000530	2
1493	MGYG000000965	1
1494	MGYG000000718	2
1495	MGYG000003100	1
1496	MGYG000004070	2
1497	MGYG000003843	3
1498	MGYG000000730	3
1499	MGYG000002086	2
1500	MGYG000004551	2
1501	MGYG000003262	2
1502	MGYG000001132	4
1503	MGYG000001675	3
1504	MGYG000004034	3
1505	MGYG000003526	2
1506	MGYG000000898	3
1507	MGYG000002016	3
1508	MGYG000002204	1
1509	MGYG000004245	2
1510	MGYG000003264	2
1511	MGYG000000875	2
1512	MGYG000000899	2
1513	MGYG000000939	3
1514	MGYG000004179	3
1515	MGYG000003945	2
1516	MGYG000003961	2
1517	MGYG000001932	1
1518	MGYG000002629	1
1519	MGYG000002681	1
1520	MGYG000004671	2
1521	MGYG000001550	2
1522	MGYG000001593	2
1523	MGYG000002411	4
1524	MGYG000002523	3
1525	MGYG000001747	1
1526	MGYG000002096	2
1527	MGYG000002193	1
1528	MGYG000002701	1
1529	MGYG000003304	1
1530	MGYG000004778	1
1531	MGYG000004235	2
1532	MGYG000004867	1
1533	MGYG000001822	1
1534	MGYG000000344	3
1535	MGYG000000409	4
1536	MGYG000001914	1
1537	MGYG000003226	4
1538	MGYG000003548	2
1539	MGYG000000429	3
1540	MGYG000004435	3
1541	MGYG000003508	3
1542	MGYG000002788	2
1543	MGYG000002790	1
1544	MGYG000003179	2
1545	MGYG000003248	2
1546	MGYG000003737	2
1547	MGYG000001852	1
1548	MGYG000002199	1
1549	MGYG000001854	1
1550	MGYG000000444	3
1551	MGYG000000676	3
1552	MGYG000003247	2
1553	MGYG000004020	2
1554	MGYG000003246	2
1555	MGYG000000733	1
1556	MGYG000002624	1
1557	MGYG000001844	1
1558	MGYG000002688	1
1559	MGYG000003953	1
1560	MGYG000002678	2
1561	MGYG000003934	3
1562	MGYG000000391	2
1563	MGYG000003503	2
1564	MGYG000001668	2
1565	MGYG000004476	1
1566	MGYG000001843	0
1567	MGYG000004300	1
1568	MGYG000003609	1
1569	MGYG000001863	1
1570	MGYG000003549	1
1571	MGYG000003646	1
1572	MGYG000001272	1
1573	MGYG000001888	1
1574	MGYG000002781	2
1575	MGYG000004221	2
1576	MGYG000000399	1
1577	MGYG000004445	3
1578	MGYG000000473	2
1579	MGYG000004362	2
1580	MGYG000000659	3
1581	MGYG000000836	2
1582	MGYG000002654	1
1583	MGYG000003410	2
1584	MGYG000000734	3
1585	MGYG000004310	3
1586	MGYG000001939	3
1587	MGYG000003310	2
1588	MGYG000001864	1
1589	MGYG000003584	2
1590	MGYG000000483	2
1591	MGYG000000499	3
1592	MGYG000000524	2
1593	MGYG000002768	2
1594	MGYG000003235	1
1595	MGYG000003212	1
1596	MGYG000003253	3
1597	MGYG000004734	2
1598	MGYG000000458	1
1599	MGYG000000933	1
1600	MGYG000001978	1
1601	MGYG000004528	1
1602	MGYG000001846	3
1603	MGYG000003504	3
1604	MGYG000002188	1
1605	MGYG000002169	2
1606	MGYG000002879	1
1607	MGYG000004434	1
1608	MGYG000000942	2
1609	MGYG000001827	1
1610	MGYG000000349	1
1611	MGYG000001973	1
1612	MGYG000002831	2
1613	MGYG000000460	2
1614	MGYG000001930	2
1615	MGYG000003523	1
1616	MGYG000000628	2
1617	MGYG000000705	2
1618	MGYG000003290	2
1619	MGYG000001773	2
1620	MGYG000003849	2
1621	MGYG000002174	2
1622	MGYG000001836	2
1623	MGYG000003562	1
1624	MGYG000002009	2
1625	MGYG000003169	2
1626	MGYG000004576	2
1627	MGYG000003818	1
1628	MGYG000004615	1
1629	MGYG000002185	1
1630	MGYG000000749	1
1631	MGYG000002000	1
1632	MGYG000001904	1
1633	MGYG000002173	1
1634	MGYG000002027	1
1635	MGYG000001290	2
1636	MGYG000003677	1
1637	MGYG000000698	2
1638	MGYG000000401	1
1639	MGYG000003464	1
1640	MGYG000003522	1
1641	MGYG000000407	1
1642	MGYG000001845	1
1643	MGYG000000751	1
1644	MGYG000001050	1
1645	MGYG000001794	1
1646	MGYG000004007	1
1647	MGYG000000459	1
1648	MGYG000003459	1
1649	MGYG000003485	1
1650	MGYG000000461	1
1651	MGYG000001853	2
1652	MGYG000003111	1
1653	MGYG000003408	1
1654	MGYG000004882	1
1655	MGYG000000869	1
1656	MGYG000000960	1
1657	MGYG000001786	1
1658	MGYG000000527	1
1659	MGYG000000679	1
1660	MGYG000003519	1
1661	MGYG000001941	1
1662	MGYG000003580	1
1663	MGYG000001945	1
1664	MGYG000004426	1
1665	MGYG000004202	1
1666	MGYG000000472	1
1667	MGYG000002172	1
1668	MGYG000003182	1
1669	MGYG000001834	1
1670	MGYG000004512	1
1671	MGYG000003596	1
1672	MGYG000001907	1
1673	MGYG000004394	1
1674	MGYG000001966	1
1675	MGYG000000406	2
1676	MGYG000000748	2
1677	MGYG000001680	2
1678	MGYG000003216	2
1679	MGYG000002912	2
1680	MGYG000000640	3
1681	MGYG000004535	2
1682	MGYG000000428	2
1683	MGYG000002125	1
1684	MGYG000001674	1
1685	MGYG000004578	1
1686	MGYG000003258	3
1687	MGYG000003960	1
1688	MGYG000000970	1
1689	MGYG000003931	2
1690	MGYG000001851	2
1691	MGYG000003250	2
1692	MGYG000001665	2
1693	MGYG000004645	2
1694	MGYG000001850	2
1695	MGYG000003474	1
1696	MGYG000003558	1
1697	MGYG000004010	2
1698	MGYG000001889	2
1699	MGYG000003972	2
1700	MGYG000004160	3
1701	MGYG000003967	2
1702	MGYG000001880	1
1703	MGYG000003766	1
1704	MGYG000004079	1
1705	MGYG000000003	4
1706	MGYG000003279	4
1707	MGYG000004290	4
1708	MGYG000000437	4
1709	MGYG000001546	4
1710	MGYG000001562	4
1711	MGYG000001420	4
1712	MGYG000000074	4
1713	MGYG000002592	4
1714	MGYG000001663	3
1715	MGYG000004658	4
1716	MGYG000002203	4
1717	MGYG000002674	3
1718	MGYG000003989	4
1719	MGYG000002007	4
1720	MGYG000003941	3
1721	MGYG000004006	4
1722	MGYG000000053	4
1723	MGYG000003019	0
1724	MGYG000002082	4
1725	MGYG000004536	4
1726	MGYG000004544	4
1727	MGYG000003952	4
1728	MGYG000000128	4
1729	MGYG000001302	0
1730	MGYG000004768	1
1731	MGYG000000823	3
1732	MGYG000004756	4
1733	MGYG000001415	4
1734	MGYG000002867	3
1735	MGYG000000414	3
1736	MGYG000003467	1
1737	MGYG000003556	1
1738	MGYG000003599	0
1739	MGYG000003948	3
1740	MGYG000002675	2
1741	MGYG000003415	1
1742	MGYG000004241	3
1743	MGYG000004354	3
1744	MGYG000003469	1
1745	MGYG000003472	1
1746	MGYG000003605	0
1747	MGYG000003544	1
1748	MGYG000003542	1
1749	MGYG000003539	1
1750	MGYG000003604	1
1751	MGYG000003993	2
1752	MGYG000000462	1
1753	MGYG000002371	3
1754	MGYG000004172	4
1755	MGYG000000170	4
1756	MGYG000004105	2
1757	MGYG000004197	2
1758	MGYG000001429	4
1759	MGYG000004056	4
1760	MGYG000003018	4
1761	MGYG000003254	2
1762	MGYG000001385	3
1763	MGYG000004468	2
1764	MGYG000004469	2
1765	MGYG000003926	3
1766	MGYG000000393	2
1767	MGYG000000722	3
1768	MGYG000001657	3
1769	MGYG000002878	3
1770	MGYG000000584	4
1771	MGYG000000592	3
1772	MGYG000000606	4
1773	MGYG000000672	3
1774	MGYG000003744	2
1775	MGYG000001767	1
1776	MGYG000003573	2
1777	MGYG000003991	2
1778	MGYG000002922	2
1779	MGYG000003880	2
1780	MGYG000004050	2
1781	MGYG000004790	2
1782	MGYG000003444	1
1783	MGYG000003525	2
1784	MGYG000003448	1
1785	MGYG000003626	2
1786	MGYG000004205	1
1787	MGYG000003445	1
1788	MGYG000001085	2
1789	MGYG000004402	3
1790	MGYG000001633	3
1791	MGYG000001803	2
1792	MGYG000003520	3
1793	MGYG000003530	2
1794	MGYG000001772	2
1795	MGYG000001774	3
1796	MGYG000002564	2
1797	MGYG000004559	2
1798	MGYG000002179	2
1799	MGYG000004465	2
1800	MGYG000001804	2
1801	MGYG000003193	2
1802	MGYG000003563	1
1803	MGYG000003645	1
1804	MGYG000002109	0
1805	MGYG000003540	1
1806	MGYG000003554	1
1807	MGYG000003564	2
1808	MGYG000000013	4
1809	MGYG000001378	4
1810	MGYG000001345	4
1811	MGYG000000029	4
1812	MGYG000000054	4
1813	MGYG000003351	4
1814	MGYG000004003	4
1815	MGYG000000675	4
1816	MGYG000003252	4
1817	MGYG000004676	1
1818	MGYG000002549	4
1819	MGYG000003312	4
1820	MGYG000000196	4
1821	MGYG000002281	4
1822	MGYG000000098	4
1823	MGYG000000788	3
1824	MGYG000000265	4
1825	MGYG000001433	4
1826	MGYG000003922	4
1827	MGYG000000236	4
1828	MGYG000001337	4
1829	MGYG000001461	4
1830	MGYG000003064	4
1831	MGYG000000057	4
1832	MGYG000001346	4
1833	MGYG000001977	4
1834	MGYG000000105	4
1835	MGYG000000224	4
1836	MGYG000001313	4
1837	MGYG000003681	4
1838	MGYG000001661	4
1839	MGYG000002300	4
1840	MGYG000000652	3
1841	MGYG000004188	4
1842	MGYG000004019	4
1843	MGYG000004185	3
1844	MGYG000001807	2
1845	MGYG000002621	4
1846	MGYG000001370	4
1847	MGYG000004899	4
1848	MGYG000002561	4
1849	MGYG000002585	3
1850	MGYG000004748	4
1851	MGYG000000211	4
1852	MGYG000002470	4
1853	MGYG000002455	4
1854	MGYG000001422	4
1855	MGYG000002717	4
1856	MGYG000001780	4
1857	MGYG000002273	4
1858	MGYG000004876	4
1859	MGYG000003363	4
1860	MGYG000003367	4
1861	MGYG000004094	4
1862	MGYG000002291	4
1863	MGYG000003221	4
1864	MGYG000000042	4
1865	MGYG000001599	4
1866	MGYG000004599	4
1867	MGYG000002622	4
1868	MGYG000002933	3
1869	MGYG000003163	2
1870	MGYG000000043	4
1871	MGYG000000906	2
1872	MGYG000001783	3
1873	MGYG000004182	3
1874	MGYG000004479	4
1875	MGYG000001364	4
1876	MGYG000003693	4
1877	MGYG000000273	4
1878	MGYG000001039	3
1879	MGYG000001787	4
1880	MGYG000003094	3
1881	MGYG000000781	3
1882	MGYG000001750	2
1883	MGYG000000964	4
1884	MGYG000002935	3
1885	MGYG000001920	4
1886	MGYG000001789	4
1887	MGYG000001925	4
1888	MGYG000001963	3
1889	MGYG000001306	4
1890	MGYG000001835	3
1891	MGYG000003097	4
1892	MGYG000002568	3
1893	MGYG000002614	2
1894	MGYG000000243	4
1895	MGYG000002171	4
1896	MGYG000002478	4
1897	MGYG000004797	4
1898	MGYG000002560	4
1899	MGYG000000923	3
1900	MGYG000000442	3
1901	MGYG000004763	4
1902	MGYG000002209	4
1903	MGYG000004823	4
1904	MGYG000000215	4
1905	MGYG000001763	3
1906	MGYG000000707	4
1907	MGYG000001933	3
1908	MGYG000001975	3
1909	MGYG000003332	2
1910	MGYG000002108	3
1911	MGYG000004758	3
1912	MGYG000003480	2
1913	MGYG000004390	4
1914	MGYG000003461	2
1915	MGYG000000534	4
1916	MGYG000002092	1
1917	MGYG000000701	4
1918	MGYG000001034	3
1919	MGYG000001164	0
1920	MGYG000002737	2
1921	MGYG000004703	2
1922	MGYG000000272	4
1923	MGYG000000695	4
1924	MGYG000000553	3
1925	MGYG000000644	4
1926	MGYG000004456	4
1927	MGYG000002080	3
1928	MGYG000002834	3
1929	MGYG000003697	4
1930	MGYG000003347	1
1931	MGYG000002603	2
1932	MGYG000002960	3
1933	MGYG000002293	4
1934	MGYG000001056	3
1935	MGYG000001770	3
1936	MGYG000000289	4
1937	MGYG000003912	2
1938	MGYG000001360	4
1939	MGYG000003878	3
1940	MGYG000000631	3
1941	MGYG000001972	4
1942	MGYG000003893	3
1943	MGYG000001131	4
1944	MGYG000004621	4
1945	MGYG000004632	3
1946	MGYG000001001	4
1947	MGYG000001720	4
1948	MGYG000004510	3
1949	MGYG000004588	4
1950	MGYG000002051	4
1951	MGYG000003268	3
1952	MGYG000003765	1
1953	MGYG000003812	2
1954	MGYG000000779	2
1955	MGYG000003622	4
1956	MGYG000004495	3
1957	MGYG000001074	1
1958	MGYG000003513	3
1959	MGYG000002133	3
1960	MGYG000002613	3
1961	MGYG000004371	3
1962	MGYG000001866	3
1963	MGYG000004561	3
1964	MGYG000002636	2
1965	MGYG000002637	3
1966	MGYG000003287	4
1967	MGYG000003152	4
1968	MGYG000003374	2
1969	MGYG000003731	2
1970	MGYG000003353	3
1971	MGYG000003763	2
1972	MGYG000003691	3
1973	MGYG000004627	3
1974	MGYG000004629	2
1975	MGYG000004622	3
1976	MGYG000003662	3
1977	MGYG000001927	3
1978	MGYG000003493	4
1979	MGYG000000760	3
1980	MGYG000003742	2
1981	MGYG000003794	3
1982	MGYG000001447	3
1983	MGYG000002168	4
1984	MGYG000004721	2
1985	MGYG000000852	4
1986	MGYG000001040	4
1987	MGYG000003346	4
1988	MGYG000004640	3
1989	MGYG000001805	1
1990	MGYG000004348	1
1991	MGYG000001042	4
1992	MGYG000002877	3
1993	MGYG000003680	2
1994	MGYG000004009	1
1995	MGYG000002394	4
1996	MGYG000004848	2
1997	MGYG000004698	3
1998	MGYG000004708	2
1999	MGYG000001097	4
2000	MGYG000001240	2
2001	MGYG000002663	2
2002	MGYG000004491	3
2003	MGYG000000526	4
2004	MGYG000000853	0
2005	MGYG000001806	4
2006	MGYG000002063	3
2007	MGYG000004462	3
2008	MGYG000004880	4
2009	MGYG000002558	4
2010	MGYG000003572	2
2011	MGYG000002653	3
2012	MGYG000003814	1
2013	MGYG000002668	3
2014	MGYG000002832	2
2015	MGYG000003515	2
2016	MGYG000003535	3
2017	MGYG000000682	2
2018	MGYG000003650	2
2019	MGYG000003992	4
2020	MGYG000000658	2
2021	MGYG000000866	1
2022	MGYG000004885	2
2023	MGYG000003638	2
2024	MGYG000003674	3
2025	MGYG000004329	3
2026	MGYG000000692	3
2027	MGYG000001630	2
2028	MGYG000002412	4
2029	MGYG000002930	3
2030	MGYG000003460	3
2031	MGYG000001918	2
2032	MGYG000003489	4
2033	MGYG000002783	2
2034	MGYG000003242	2
2035	MGYG000003614	1
2036	MGYG000001557	3
2037	MGYG000004638	1
2038	MGYG000003301	1
2039	MGYG000003611	2
2040	MGYG000002178	2
2041	MGYG000004291	1
2042	MGYG000000963	1
2043	MGYG000001981	2
2044	MGYG000004596	3
2045	MGYG000001771	1
2046	MGYG000002575	1
2047	MGYG000001058	1
2048	MGYG000004757	2
2049	MGYG000004207	2
2050	MGYG000004571	2
2051	MGYG000000559	3
2052	MGYG000004824	3
2053	MGYG000000854	0
2054	MGYG000001372	4
2055	MGYG000002540	4
2056	MGYG000001886	3
2057	MGYG000002275	4
2058	MGYG000004759	1
2059	MGYG000001659	3
2060	MGYG000000700	3
2061	MGYG000003420	2
2062	MGYG000003470	2
2063	MGYG000003608	1
2064	MGYG000003543	0
2065	MGYG000003610	2
2066	MGYG000003559	1
2067	MGYG000003607	1
2068	MGYG000000044	4
2069	MGYG000000138	4
2070	MGYG000002033	4
2071	MGYG000002587	4
2072	MGYG000003957	4
2073	MGYG000004180	4
2074	MGYG000002449	4
2075	MGYG000004281	4
2076	MGYG000000222	4
2077	MGYG000001995	4
2078	MGYG000000174	4
2079	MGYG000003701	4
2080	MGYG000000284	4
2081	MGYG000001591	4
2082	MGYG000001735	4
2083	MGYG000002282	4
2084	MGYG000001489	4
2085	MGYG000000221	4
2086	MGYG000002418	4
2087	MGYG000001898	3
2088	MGYG000002438	4
2089	MGYG000003521	2
2090	MGYG000000355	3
2091	MGYG000003091	3
2092	MGYG000000696	4
2093	MGYG000001878	4
2094	MGYG000002218	4
2095	MGYG000000763	1
2096	MGYG000003790	1
2097	MGYG000001209	2
2098	MGYG000000873	2
2099	MGYG000002205	0
2100	MGYG000004267	2
2101	MGYG000001211	2
2102	MGYG000002931	1
2103	MGYG000003837	2
2104	MGYG000002784	2
2105	MGYG000003897	1
2106	MGYG000001012	2
2107	MGYG000002015	0
2108	MGYG000003754	1
2109	MGYG000003813	1
2110	MGYG000000764	3
2111	MGYG000003251	2
2112	MGYG000003774	1
2113	MGYG000000765	2
2114	MGYG000003746	2
2115	MGYG000001059	2
2116	MGYG000004270	1
2117	MGYG000002120	2
2118	MGYG000003300	1
2119	MGYG000000815	4
2120	MGYG000001376	4
2121	MGYG000001377	4
2122	MGYG000003362	4
2123	MGYG000003132	4
2124	MGYG000003338	3
2125	MGYG000001503	3
2126	MGYG000000055	4
2127	MGYG000003255	1
2128	MGYG000000056	3
2129	MGYG000001180	3
2130	MGYG000004490	4
2131	MGYG000001948	2
2132	MGYG000000353	3
2133	MGYG000001937	2
2134	MGYG000004365	3
2135	MGYG000000851	2
2136	MGYG000001644	3
2137	MGYG000004605	4
2138	MGYG000004043	3
2139	MGYG000000400	3
2140	MGYG000001885	2
2141	MGYG000004820	2
2142	MGYG000000667	3
2143	MGYG000000872	3
2144	MGYG000001839	2
2145	MGYG000003835	4
2146	MGYG000003492	1
2147	MGYG000003498	1
2148	MGYG000000357	3
2149	MGYG000004166	2
2150	MGYG000001867	3
2151	MGYG000002064	0
2152	MGYG000002721	4
2153	MGYG000003200	3
2154	MGYG000001666	2
2155	MGYG000004219	3
2156	MGYG000003985	3
2157	MGYG000003256	2
2158	MGYG000000448	3
2159	MGYG000001951	4
2160	MGYG000004655	3
2161	MGYG000002225	2
2162	MGYG000002875	3
2163	MGYG000004026	3
2164	MGYG000004213	4
2165	MGYG000004483	4
2166	MGYG000001242	2
2167	MGYG000002606	0
2168	MGYG000003618	2
2169	MGYG000004428	3
2170	MGYG000003201	3
2171	MGYG000003429	1
2172	MGYG000004688	3
2173	MGYG000000619	2
2174	MGYG000001938	2
2175	MGYG000001083	2
2176	MGYG000000673	3
2177	MGYG000000825	3
2178	MGYG000001910	3
2179	MGYG000001738	4
2180	MGYG000001640	3
2181	MGYG000003277	4
2182	MGYG000000941	3
2183	MGYG000001036	3
2184	MGYG000003199	3
2185	MGYG000001253	2
2186	MGYG000004636	2
2187	MGYG000001775	2
2188	MGYG000003856	2
2189	MGYG000004720	2
2190	MGYG000001929	2
2191	MGYG000003198	3
2192	MGYG000001682	2
2193	MGYG000002181	2
2194	MGYG000003194	2
2195	MGYG000001795	3
2196	MGYG000002157	3
2197	MGYG000003177	2
2198	MGYG000004255	2
2199	MGYG000003202	3
2200	MGYG000004432	4
2201	MGYG000000348	3
2202	MGYG000003164	3
2203	MGYG000001030	4
2204	MGYG000001664	3
2205	MGYG000003035	4
2206	MGYG000001275	3
2207	MGYG000002762	4
2208	MGYG000004208	3
2209	MGYG000004377	2
2210	MGYG000000354	3
2211	MGYG000003433	2
2212	MGYG000001641	3
2213	MGYG000002049	1
2214	MGYG000004871	2
2215	MGYG000003831	3
2216	MGYG000004430	4
2217	MGYG000004830	3
2218	MGYG000004457	3
2219	MGYG000001643	4
2220	MGYG000003816	3
2221	MGYG000002725	4
2222	MGYG000003172	1
2223	MGYG000004705	2
2224	MGYG000003223	2
2225	MGYG000003986	2
2226	MGYG000000678	3
2227	MGYG000002920	2
2228	MGYG000001868	1
2229	MGYG000002608	3
2230	MGYG000003158	2
2231	MGYG000000824	2
2232	MGYG000002567	1
2233	MGYG000004853	1
2234	MGYG000004042	3
2235	MGYG000000568	2
2236	MGYG000001931	3
2237	MGYG000000889	2
2238	MGYG000002556	3
2239	MGYG000002868	1
2240	MGYG000002905	2
2241	MGYG000003434	1
2242	MGYG000003881	1
2243	MGYG000004090	2
2244	MGYG000001871	2
2245	MGYG000003270	2
2246	MGYG000002176	2
2247	MGYG000003424	3
2248	MGYG000003533	2
2249	MGYG000003233	4
2250	MGYG000003590	4
2251	MGYG000003728	2
2252	MGYG000003799	2
2253	MGYG000004474	3
2254	MGYG000003204	2
2255	MGYG000000117	4
2256	MGYG000003099	4
2257	MGYG000000144	4
2258	MGYG000000452	2
2259	MGYG000001604	3
2260	MGYG000000956	2
2261	MGYG000004464	2
2262	MGYG000000415	3
2263	MGYG000000653	2
2264	MGYG000003994	2
2265	MGYG000004037	2
2266	MGYG000004021	2
2267	MGYG000001391	4
2268	MGYG000003282	4
2269	MGYG000001512	4
2270	MGYG000004443	2
2271	MGYG000000305	2
2272	MGYG000004569	2
2273	MGYG000003419	2
2274	MGYG000003497	1
2275	MGYG000003651	1
2276	MGYG000003633	1
2277	MGYG000003446	1
2278	MGYG000003511	1
2279	MGYG000003634	1
2280	MGYG000003532	2
2281	MGYG000003546	4
2282	MGYG000003423	3
2283	MGYG000000168	4
2284	MGYG000000183	4
2285	MGYG000000203	4
2286	MGYG000001655	4
2287	MGYG000003240	4
2288	MGYG000001552	4
2289	MGYG000003203	4
2290	MGYG000004002	3
2291	MGYG000004878	4
2292	MGYG000001529	3
2293	MGYG000001608	4
2294	MGYG000000254	4
2295	MGYG000003076	2
2296	MGYG000000343	4
2297	MGYG000004650	3
2298	MGYG000004822	4
2299	MGYG000000322	3
2300	MGYG000003908	4
2301	MGYG000001399	4
2302	MGYG000004711	4
2303	MGYG000001551	4
2304	MGYG000002662	2
2305	MGYG000002664	2
2306	MGYG000003565	2
2307	MGYG000003603	2
2308	MGYG000003553	2
2309	MGYG000003649	3
2310	MGYG000003566	1
2311	MGYG000003654	2
2312	MGYG000004573	3
2313	MGYG000003630	2
2314	MGYG000000418	1
2315	MGYG000000451	1
2316	MGYG000002722	1
2317	MGYG000003905	1
2318	MGYG000004793	1
2319	MGYG000001093	4
2320	MGYG000003119	2
2321	MGYG000001095	4
2322	MGYG000003804	1
2323	MGYG000004754	4
2324	MGYG000003514	4
2325	MGYG000000345	4
2326	MGYG000000360	4
2327	MGYG000001884	4
2328	MGYG000000538	4
2329	MGYG000000604	4
2330	MGYG000000666	4
2331	MGYG000004461	4
2332	MGYG000000575	4
2333	MGYG000001792	4
2334	MGYG000002650	4
2335	MGYG000001812	4
2336	MGYG000003627	2
2337	MGYG000000467	3
2338	MGYG000000608	2
2339	MGYG000000971	4
2340	MGYG000003965	2
2341	MGYG000000633	4
2342	MGYG000002473	4
2343	MGYG000004499	4
2344	MGYG000004513	4
2345	MGYG000003249	4
2346	MGYG000000720	4
2347	MGYG000003904	4
2348	MGYG000003237	4
2349	MGYG000000596	3
2350	MGYG000003636	4
2351	MGYG000003528	4
2352	MGYG000002219	4
2353	MGYG000003631	3
2354	MGYG000003483	4
2355	MGYG000003642	4
2356	MGYG000003443	2
2357	MGYG000003639	3
2358	MGYG000003499	1
2359	MGYG000003643	4
2360	MGYG000000441	3
2361	MGYG000003958	0
2362	MGYG000000740	4
2363	MGYG000004501	4
2364	MGYG000003295	4
2365	MGYG000000480	4
2366	MGYG000003536	3
2367	MGYG000003846	2
2368	MGYG000003205	4
2369	MGYG000003449	4
2370	MGYG000003479	4
2371	MGYG000004053	4
2372	MGYG000000504	3
2373	MGYG000000497	1
2374	MGYG000000863	3
2375	MGYG000003154	4
2376	MGYG000000973	2
2377	MGYG000001791	4
2378	MGYG000003637	4
2379	MGYG000004418	1
2380	MGYG000000870	4
2381	MGYG000002378	4
2382	MGYG000001881	4
2383	MGYG000001921	4
2384	MGYG000002454	4
2385	MGYG000002452	4
2386	MGYG000002453	4
2387	MGYG000002584	3
2388	MGYG000003413	2
2389	MGYG000003447	2
2390	MGYG000004532	4
2391	MGYG000000015	4
2392	MGYG000001318	4
2393	MGYG000000019	4
2394	MGYG000002504	4
2395	MGYG000002823	4
2396	MGYG000002499	0
2397	MGYG000002501	4
2398	MGYG000002502	4
2399	MGYG000002498	4
2400	MGYG000002519	4
2401	MGYG000000235	4
2402	MGYG000002503	4
2403	MGYG000002500	4
2404	MGYG000001536	4
2405	MGYG000003187	4
2406	MGYG000000093	4
2407	MGYG000002351	4
2408	MGYG000000107	4
2409	MGYG000002825	4
2410	MGYG000002497	0
2411	MGYG000003882	4
2412	MGYG000002510	4
2413	MGYG000003178	4
2414	MGYG000002538	4
2415	MGYG000002511	4
2416	MGYG000002363	4
2417	MGYG000001394	4
2418	MGYG000002520	4
2419	MGYG000000108	4
2420	MGYG000001705	4
2421	MGYG000000124	4
2422	MGYG000002495	4
2423	MGYG000002816	4
2424	MGYG000001317	4
2425	MGYG000003372	4
2426	MGYG000002535	4
2427	MGYG000001091	4
2428	MGYG000002534	4
2429	MGYG000002477	4
2430	MGYG000001700	4
2431	MGYG000002494	4
2432	MGYG000002322	4
2433	MGYG000002323	4
2434	MGYG000002506	4
2435	MGYG000002515	4
2436	MGYG000002507	4
2437	MGYG000002366	4
2438	MGYG000002496	4
2439	MGYG000003395	4
2440	MGYG000000110	4
2441	MGYG000002491	4
2442	MGYG000003358	4
2443	MGYG000001426	4
2444	MGYG000002521	4
2445	MGYG000002904	4
2446	MGYG000003377	4
2447	MGYG000003883	4
2448	MGYG000003360	4
2449	MGYG000003365	0
2450	MGYG000003390	4
2451	MGYG000001266	4
2452	MGYG000002460	4
2453	MGYG000002484	4
2454	MGYG000003115	0
2455	MGYG000001445	4
2456	MGYG000002423	4
2457	MGYG000002889	4
2458	MGYG000003127	3
2459	MGYG000003382	4
2460	MGYG000003379	4
2461	MGYG000003386	4
2462	MGYG000003803	4
2463	MGYG000003393	4
2464	MGYG000003184	4
2465	MGYG000002335	4
2466	MGYG000002461	4
2467	MGYG000002462	4
2468	MGYG000002458	4
2469	MGYG000002471	4
2470	MGYG000002524	4
2471	MGYG000002465	4
2472	MGYG000002525	4
2473	MGYG000002466	4
2474	MGYG000002467	4
2475	MGYG000002476	4
2476	MGYG000002350	4
2477	MGYG000002518	4
2478	MGYG000003399	4
2479	MGYG000003712	4
2480	MGYG000003123	4
2481	MGYG000003378	4
2482	MGYG000002474	4
2483	MGYG000000337	4
2484	MGYG000002512	4
2485	MGYG000002513	4
2486	MGYG000001307	4
2487	MGYG000001323	0
2488	MGYG000004295	4
2489	MGYG000001465	0
2490	MGYG000001466	4
2491	MGYG000001708	4
2492	MGYG000002354	4
2493	MGYG000001624	4
2494	MGYG000002516	4
2495	MGYG000004813	3
2496	MGYG000002488	4
2497	MGYG000002415	0
2498	MGYG000002514	4
2499	MGYG000001351	0
2500	MGYG000001393	4
2501	MGYG000002508	4
2502	MGYG000002305	4
2503	MGYG000002385	4
2504	MGYG000002536	4
2505	MGYG000000317	2
2506	MGYG000000860	2
2507	MGYG000001088	2
2508	MGYG000003126	2
2509	MGYG000002634	2
2510	MGYG000003021	1
2511	MGYG000003015	2
2512	MGYG000002893	0
2513	MGYG000000993	2
2514	MGYG000001112	2
2515	MGYG000004837	2
2516	MGYG000002631	2
2517	MGYG000003189	2
2518	MGYG000003118	2
2519	MGYG000003060	1
2520	MGYG000002898	2
2521	MGYG000002639	1
2522	MGYG000003394	2
2523	MGYG000004313	2
2524	MGYG000001071	1
2525	MGYG000002551	1
2526	MGYG000004687	2
2527	MGYG000001703	4
2528	MGYG000001713	4
2529	MGYG000002311	4
2530	MGYG000002368	4
2531	MGYG000002331	4
2532	MGYG000002533	4
2533	MGYG000002532	4
2534	MGYG000001691	4
2535	MGYG000002529	4
2536	MGYG000001692	4
2537	MGYG000002526	0
2538	MGYG000002527	4
2539	MGYG000003144	4
2540	MGYG000000338	4
2541	MGYG000003440	4
2542	MGYG000000412	3
2543	MGYG000003621	3
2544	MGYG000000793	2
2545	MGYG000001857	2
2546	MGYG000002582	2
2547	MGYG000000708	1
2548	MGYG000001054	2
2549	MGYG000003463	4
2550	MGYG000003612	4
2551	MGYG000004773	4
2552	MGYG000001366	3
2553	MGYG000001890	2
2554	MGYG000003436	3
2555	MGYG000003454	2
2556	MGYG000003491	3
2557	MGYG000000082	4
2558	MGYG000002342	4
2559	MGYG000003414	1
2560	MGYG000003632	2
2561	MGYG000001260	3
2562	MGYG000001344	3
2563	MGYG000001343	4
2564	MGYG000002343	4
2565	MGYG000002344	4
2566	MGYG000002345	4
2567	MGYG000002346	4
2568	MGYG000002341	4
2569	MGYG000000657	4
2570	MGYG000003208	4
2571	MGYG000001035	4
2572	MGYG000002885	4
2573	MGYG000001279	4
2574	MGYG000001485	0
2575	MGYG000003387	4
2576	MGYG000002463	4
2577	MGYG000004151	4
2578	MGYG000001457	0
2579	MGYG000003016	4
2580	MGYG000001534	4
2581	MGYG000002381	4
2582	MGYG000002382	4
2583	MGYG000003400	4
2584	MGYG000003761	4
2585	MGYG000002481	4
2586	MGYG000003403	4
2587	MGYG000003711	4
2588	MGYG000002886	4
2589	MGYG000003267	4
2590	MGYG000002541	4
2591	MGYG000000091	4
2592	MGYG000002358	3
2593	MGYG000002436	4
2594	MGYG000000342	1
2595	MGYG000003451	2
2596	MGYG000004749	1
2597	MGYG000002505	4
2598	MGYG000004063	2
2599	MGYG000001331	3
2600	MGYG000002703	3
2601	MGYG000004251	2
2602	MGYG000001417	4
2603	MGYG000001384	4
2604	MGYG000003736	4
2605	MGYG000001263	4
2606	MGYG000001264	4
2607	MGYG000004150	4
2608	MGYG000000225	2
2609	MGYG000003017	2
2610	MGYG000000564	2
2611	MGYG000000525	3
2612	MGYG000000717	3
2613	MGYG000000624	3
2614	MGYG000001113	3
2615	MGYG000003879	4
2616	MGYG000003288	3
2617	MGYG000003318	2
2618	MGYG000000475	1
2619	MGYG000004637	1
2620	MGYG000001494	3
2621	MGYG000002447	4
2622	MGYG000003441	1
2623	MGYG000000548	4
2624	MGYG000000821	4
2625	MGYG000000632	4
2626	MGYG000002101	4
2627	MGYG000001976	2
2628	MGYG000004454	4
2629	MGYG000001361	4
2630	MGYG000000840	4
2631	MGYG000004829	4
2632	MGYG000004738	4
2633	MGYG000001401	4
2634	MGYG000003901	4
2635	MGYG000004694	4
2636	MGYG000000557	2
2637	MGYG000002062	2
2638	MGYG000003852	1
2639	MGYG000004647	1
2640	MGYG000000560	1
2641	MGYG000004825	2
2642	MGYG000004704	3
2643	MGYG000001410	4
2644	MGYG000003170	3
2645	MGYG000004187	3
2646	MGYG000001574	1
2647	MGYG000004096	1
2648	MGYG000000810	4
2649	MGYG000000918	4
2650	MGYG000003914	4
2651	MGYG000000351	1
2652	MGYG000000814	1
2653	MGYG000000567	1
2654	MGYG000001900	1
2655	MGYG000000850	1
2656	MGYG000003836	1
2657	MGYG000001892	1
2658	MGYG000002591	1
2659	MGYG000003969	1
2660	MGYG000003999	1
2661	MGYG000001614	1
2662	MGYG000004626	1
2663	MGYG000000552	1
2664	MGYG000004751	1
2665	MGYG000000796	3
2666	MGYG000002643	3
2667	MGYG000001294	3
2668	MGYG000003022	2
2669	MGYG000003352	3
2670	MGYG000003023	1
2671	MGYG000001923	2
2672	MGYG000000634	3
2673	MGYG000001094	4
2674	MGYG000001381	4
2675	MGYG000002489	4
2676	MGYG000003388	3
2677	MGYG000004780	4
2678	MGYG000002119	3
2679	MGYG000001625	4
2680	MGYG000001520	4
2681	MGYG000003735	4
2682	MGYG000002398	4
2683	MGYG000000394	2
2684	MGYG000000581	1
2685	MGYG000000637	1
2686	MGYG000004648	1
2687	MGYG000004639	1
2688	MGYG000004674	1
2689	MGYG000001894	2
2690	MGYG000004400	1
2691	MGYG000003155	1
2692	MGYG000001985	2
2693	MGYG000004444	2
2694	MGYG000002873	2
2695	MGYG000003285	1
2696	MGYG000004533	2
2697	MGYG000002616	2
2698	MGYG000001974	1
2699	MGYG000003283	1
2700	MGYG000002021	3
2701	MGYG000003859	2
2702	MGYG000003845	1
2703	MGYG000003817	1
2704	MGYG000003827	1
2705	MGYG000000445	1
2706	MGYG000000492	1
2707	MGYG000002666	1
2708	MGYG000000506	1
2709	MGYG000000617	1
2710	MGYG000000874	1
2711	MGYG000003217	2
2712	MGYG000000528	1
2713	MGYG000000610	1
2714	MGYG000000507	3
2715	MGYG000004484	4
2716	MGYG000002648	4
2717	MGYG000004298	4
2718	MGYG000004521	3
2719	MGYG000004478	3
2720	MGYG000000683	3
2721	MGYG000003505	4
2722	MGYG000002578	4
2723	MGYG000004485	4
2724	MGYG000002649	1
2725	MGYG000004338	1
2726	MGYG000004361	1
2727	MGYG000004537	1
2728	MGYG000004905	1
2729	MGYG000001261	4
2730	MGYG000001265	4
2731	MGYG000002310	4
2732	MGYG000003137	4
2733	MGYG000003733	4
2734	MGYG000003734	4
2735	MGYG000002827	4
2736	MGYG000001262	4
2737	MGYG000003371	0
2738	MGYG000000590	1
2739	MGYG000002244	1
2740	MGYG000003321	1
2741	MGYG000003652	1
2742	MGYG000003660	1
2743	MGYG000000962	1
2744	MGYG000000241	4
2745	MGYG000002158	4
2746	MGYG000004864	4
2747	MGYG000002620	4
2748	MGYG000004901	3
2749	MGYG000003933	4
2750	MGYG000001295	4
2751	MGYG000002846	4
2752	MGYG000001590	4
2753	MGYG000004670	3
2754	MGYG000001321	0
2755	MGYG000002687	4
2756	MGYG000004253	4
2757	MGYG000004701	4
2758	MGYG000001911	4
2759	MGYG000002955	3
2760	MGYG000002996	3
2761	MGYG000000551	3
2762	MGYG000003918	2
2763	MGYG000003924	3
2764	MGYG000000566	2
2765	MGYG000004649	4
2766	MGYG000004659	3
2767	MGYG000004750	2
2768	MGYG000001784	4
2769	MGYG000002134	4
2770	MGYG000001277	4
2771	MGYG000001359	4
2772	MGYG000004433	4
2773	MGYG000001631	4
2774	MGYG000001832	4
2775	MGYG000002706	0
2776	MGYG000004851	4
2777	MGYG000002652	4
2778	MGYG000003389	4
2779	MGYG000000358	1
2780	MGYG000000519	1
2781	MGYG000004492	1
2782	MGYG000000509	1
2783	MGYG000001768	1
2784	MGYG000002660	2
2785	MGYG000000513	4
2786	MGYG000001463	4
2787	MGYG000002443	4
2788	MGYG000001462	4
2789	MGYG000001432	4
2790	MGYG000003592	2
2791	MGYG000001357	2
2792	MGYG000001431	2
2793	MGYG000003398	0
2794	MGYG000001329	4
2795	MGYG000003438	2
2796	MGYG000001312	3
2797	MGYG000001348	2
2798	MGYG000001330	2
2799	MGYG000003617	3
2800	MGYG000000554	1
2801	MGYG000002374	2
2802	MGYG000002307	2
2803	MGYG000002308	2
2804	MGYG000000755	2
2805	MGYG000001044	3
2806	MGYG000001079	1
2807	MGYG000003713	4
2808	MGYG000002479	2
2809	MGYG000002543	2
2810	MGYG000003764	1
2811	MGYG000001392	2
2812	MGYG000002432	4
2813	MGYG000002425	3
2814	MGYG000002435	3
2815	MGYG000002426	3
2816	MGYG000002434	3
2817	MGYG000003330	2
2818	MGYG000002427	3
2819	MGYG000002433	3
2820	MGYG000002428	3
2821	MGYG000002429	3
2822	MGYG000002430	3
2823	MGYG000002431	3
2824	MGYG000001706	3
2825	MGYG000001297	2
2826	MGYG000002332	2
2827	MGYG000002333	2
2828	MGYG000002422	3
2829	MGYG000001358	2
2830	MGYG000002813	4
2831	MGYG000002364	4
2832	MGYG000000470	2
2833	MGYG000000502	2
2834	MGYG000000479	3
2835	MGYG000002242	4
2836	MGYG000004493	4
2837	MGYG000003679	3
2838	MGYG000000639	2
2839	MGYG000002671	3
2840	MGYG000003534	4
2841	MGYG000003466	4
2842	MGYG000003569	4
2843	MGYG000003570	4
2844	MGYG000003575	2
2845	MGYG000004570	2
2846	MGYG000000677	2
2847	MGYG000003435	4
2848	MGYG000003567	3
2849	MGYG000004838	2
2850	MGYG000004865	4
2851	MGYG000003457	2
2852	MGYG000000536	2
2853	MGYG000001458	3
2854	MGYG000000790	2
2855	MGYG000001326	2
2856	MGYG000001347	2
2857	MGYG000001459	0
2858	MGYG000001464	0
2859	MGYG000001172	2
2860	MGYG000001324	2
2861	MGYG000001350	2
2862	MGYG000001555	1
2863	MGYG000001325	2
2864	MGYG000002362	3
2865	MGYG000000914	1
2866	MGYG000000953	2
2867	MGYG000002485	4
2868	MGYG000004828	3
2869	MGYG000004893	2
2870	MGYG000001148	4
2871	MGYG000002486	4
2872	MGYG000002574	4
2873	MGYG000001327	4
2874	MGYG000003056	2
2875	MGYG000003919	2
2876	MGYG000000712	2
2877	MGYG000001149	1
2878	MGYG000004742	1
2879	MGYG000001595	2
2880	MGYG000004309	2
2881	MGYG000001073	2
2882	MGYG000002635	1
2883	MGYG000002950	0
2884	MGYG000003376	1
2885	MGYG000004315	1
2886	MGYG000004516	1
2887	MGYG000000315	2
2888	MGYG000002884	3
2889	MGYG000000436	2
2890	MGYG000003930	1
2891	MGYG000003857	2
2892	MGYG000004420	2
2893	MGYG000004613	2
2894	MGYG000000408	1
2895	MGYG000002883	1
2896	MGYG000004416	2
2897	MGYG000004529	2
2898	MGYG000000363	2
2899	MGYG000000438	2
2900	MGYG000001924	2
2901	MGYG000000422	2
2902	MGYG000000485	2
2903	MGYG000000544	2
2904	MGYG000003551	3
2905	MGYG000000511	2
2906	MGYG000000549	2
2907	MGYG000000572	2
2908	MGYG000000813	2
2909	MGYG000001899	2
2910	MGYG000001678	2
2911	MGYG000001838	2
2912	MGYG000001782	2
2913	MGYG000002165	0
2914	MGYG000000447	2
2915	MGYG000001906	2
2916	MGYG000001055	2
2917	MGYG000002153	2
2918	MGYG000004370	2
2919	MGYG000000523	2
2920	MGYG000001874	2
2921	MGYG000001960	2
2922	MGYG000000385	2
2923	MGYG000003995	2
2924	MGYG000004841	2
2925	MGYG000001895	2
2926	MGYG000000410	2
2927	MGYG000004518	2
2928	MGYG000002077	2
2929	MGYG000000491	2
2930	MGYG000004473	3
2931	MGYG000002235	2
2932	MGYG000003890	2
2933	MGYG000003829	2
2934	MGYG000001950	2
2935	MGYG000000493	2
2936	MGYG000000542	2
2937	MGYG000000503	2
2938	MGYG000000529	2
2939	MGYG000000618	2
2940	MGYG000003506	1
2941	MGYG000002803	3
2942	MGYG000003077	3
2943	MGYG000002236	2
2944	MGYG000002605	2
2945	MGYG000003666	1
2946	MGYG000004459	1
2947	MGYG000000464	1
2948	MGYG000001875	2
2949	MGYG000000376	1
2950	MGYG000000998	1
2951	MGYG000001145	1
2952	MGYG000002976	1
2953	MGYG000002942	1
2954	MGYG000002987	1
2955	MGYG000003008	1
2956	MGYG000004293	1
2957	MGYG000001620	1
2958	MGYG000002951	1
2959	MGYG000004568	1
2960	MGYG000000017	3
2961	MGYG000002743	3
2962	MGYG000003061	1
2963	MGYG000003038	2
2964	MGYG000000237	4
2965	MGYG000001139	3
2966	MGYG000003923	3
2967	MGYG000000769	3
2968	MGYG000000731	2
2969	MGYG000001223	3
2970	MGYG000003234	3
2971	MGYG000000995	3
2972	MGYG000002929	2
2973	MGYG000004399	3
2974	MGYG000002184	2
2975	MGYG000004844	2
2976	MGYG000000314	3
2977	MGYG000002189	2
2978	MGYG000004148	2
2979	MGYG000004467	3
2980	MGYG000002130	3
2981	MGYG000000846	3
2982	MGYG000000979	3
2983	MGYG000000984	2
2984	MGYG000004497	2
2985	MGYG000003209	3
2986	MGYG000004514	3
2987	MGYG000003266	3
2988	MGYG000003039	2
2989	MGYG000004335	3
2990	MGYG000003418	3
2991	MGYG000000812	3
2992	MGYG000002961	3
2993	MGYG000000158	3
2994	MGYG000000789	3
2995	MGYG000002065	2
2996	MGYG000004695	2
2997	MGYG000000832	3
2998	MGYG000000556	3
2999	MGYG000001121	3
3000	MGYG000000805	3
3001	MGYG000001130	0
3002	MGYG000002043	2
3003	MGYG000001127	2
3004	MGYG000002915	2
3005	MGYG000000167	3
3006	MGYG000001114	3
3007	MGYG000000333	3
3008	MGYG000000324	3
3009	MGYG000002539	4
3010	MGYG000002765	2
3011	MGYG000003692	3
3012	MGYG000000232	3
3013	MGYG000002730	2
3014	MGYG000000845	3
3015	MGYG000000778	3
3016	MGYG000000868	3
3017	MGYG000001061	2
3018	MGYG000002198	3
3019	MGYG000000565	3
3020	MGYG000000156	3
3021	MGYG000001105	3
3022	MGYG000003906	3
3023	MGYG000004875	3
3024	MGYG000004286	3
3025	MGYG000003073	2
3026	MGYG000004408	3
3027	MGYG000000260	3
3028	MGYG000000180	4
3029	MGYG000002048	2
3030	MGYG000000207	3
3031	MGYG000000563	3
3032	MGYG000000855	0
3033	MGYG000003798	3
3034	MGYG000000925	1
3035	MGYG000001579	3
3036	MGYG000004156	3
3037	MGYG000003703	3
3038	MGYG000000598	3
3039	MGYG000000801	3
3040	MGYG000004373	2
3041	MGYG000004608	3
3042	MGYG000000239	3
3043	MGYG000000266	4
3044	MGYG000000270	3
3045	MGYG000004258	3
3046	MGYG000000904	2
3047	MGYG000003913	3
3048	MGYG000000795	3
3049	MGYG000000802	3
3050	MGYG000000833	0
3051	MGYG000001138	3
3052	MGYG000003696	4
3053	MGYG000000770	3
3054	MGYG000003275	3
3055	MGYG000000798	3
3056	MGYG000003698	4
3057	MGYG000003700	3
3058	MGYG000004181	3
3059	MGYG000001137	3
3060	MGYG000001122	3
3061	MGYG000003865	3
3062	MGYG000002054	3
3063	MGYG000001636	1
3064	MGYG000002083	0
3065	MGYG000000570	1
3066	MGYG000001152	3
3067	MGYG000000811	3
3068	MGYG000003917	1
3069	MGYG000001628	3
3070	MGYG000002294	3
3071	MGYG000001150	3
3072	MGYG000003261	3
3073	MGYG000001993	3
3074	MGYG000003900	2
3075	MGYG000004011	3
3076	MGYG000002923	3
3077	MGYG000004069	1
3078	MGYG000004662	2
3079	MGYG000000649	3
3080	MGYG000004141	3
3081	MGYG000002871	1
3082	MGYG000003047	2
3083	MGYG000004280	2
3084	MGYG000000777	3
3085	MGYG000003276	3
3086	MGYG000000188	3
3087	MGYG000001581	3
3088	MGYG000001135	3
3089	MGYG000004239	2
3090	MGYG000003093	3
3091	MGYG000004305	2
3092	MGYG000003229	2
3093	MGYG000004091	2
3094	MGYG000004422	3
3095	MGYG000002775	3
3096	MGYG000002968	3
3097	MGYG000000085	3
3098	MGYG000002076	3
3099	MGYG000002733	3
3100	MGYG000003870	3
3101	MGYG000000197	3
3102	MGYG000001736	3
3103	MGYG000003983	3
3104	MGYG000004325	3
3105	MGYG000004398	2
3106	MGYG000004358	3
3107	MGYG000000288	3
3108	MGYG000003045	2
3109	MGYG000001935	2
3110	MGYG000004054	3
3111	MGYG000002754	3
3112	MGYG000003024	3
3113	MGYG000004328	3
3114	MGYG000002748	3
3115	MGYG000004710	1
3116	MGYG000001656	3
3117	MGYG000004602	3
3118	MGYG000003657	2
3119	MGYG000004777	3
3120	MGYG000002111	3
3121	MGYG000003029	3
3122	MGYG000002692	1
3123	MGYG000002808	2
3124	MGYG000004421	3
3125	MGYG000003244	2
3126	MGYG000002742	3
3127	MGYG000002749	2
3128	MGYG000003168	2
3129	MGYG000004186	3
3130	MGYG000000327	2
3131	MGYG000002866	2
3132	MGYG000001158	3
3133	MGYG000000986	3
3134	MGYG000004506	2
3135	MGYG000002763	3
3136	MGYG000004097	3
3137	MGYG000003053	3
3138	MGYG000002729	1
3139	MGYG000003167	1
3140	MGYG000001573	2
3141	MGYG000003328	2
3142	MGYG000003823	2
3143	MGYG000001241	2
3144	MGYG000003025	2
3145	MGYG000003033	3
3146	MGYG000004363	2
3147	MGYG000002728	2
3148	MGYG000002741	3
3149	MGYG000000768	3
3150	MGYG000001022	2
3151	MGYG000001753	3
3152	MGYG000004031	3
3153	MGYG000003032	3
3154	MGYG000002860	3
3155	MGYG000003046	3
3156	MGYG000004297	3
3157	MGYG000004806	3
3158	MGYG000002864	3
3159	MGYG000003006	2
3160	MGYG000004013	2
3161	MGYG000004466	3
3162	MGYG000004209	3
3163	MGYG000001099	2
3164	MGYG000004161	3
3165	MGYG000004346	1
3166	MGYG000003107	3
3167	MGYG000001221	2
3168	MGYG000002918	3
3169	MGYG000003020	1
3170	MGYG000001126	3
3171	MGYG000001478	3
3172	MGYG000001578	3
3173	MGYG000002916	3
3174	MGYG000003982	2
3175	MGYG000004383	3
3176	MGYG000004505	2
3177	MGYG000004386	3
3178	MGYG000000996	2
3179	MGYG000001726	2
3180	MGYG000003041	3
3181	MGYG000001587	3
3182	MGYG000001715	2
3183	MGYG000002206	3
3184	MGYG000004326	2
3185	MGYG000002740	2
3186	MGYG000002760	3
3187	MGYG000004152	2
3188	MGYG000004318	1
3189	MGYG000002732	2
3190	MGYG000004320	3
3191	MGYG000004549	2
3192	MGYG000000936	3
3193	MGYG000002766	2
3194	MGYG000003707	3
3195	MGYG000001585	3
3196	MGYG000002852	3
3197	MGYG000003083	3
3198	MGYG000004220	3
3199	MGYG000003031	2
3200	MGYG000003213	3
3201	MGYG000004696	3
3202	MGYG000001165	3
3203	MGYG000003078	2
3204	MGYG000004542	3
3205	MGYG000004550	3
3206	MGYG000001196	1
3207	MGYG000003040	1
3208	MGYG000003067	2
3209	MGYG000003862	3
3210	MGYG000003122	3
3211	MGYG000003861	2
3212	MGYG000000094	3
3213	MGYG000002928	1
3214	MGYG000004294	3
3215	MGYG000004396	3
3216	MGYG000001788	3
3217	MGYG000003044	3
3218	MGYG000003011	3
3219	MGYG000003228	3
3220	MGYG000004746	3
3221	MGYG000001002	3
3222	MGYG000002858	3
3223	MGYG000002231	3
3224	MGYG000004001	3
3225	MGYG000003175	1
3226	MGYG000001092	3
3227	MGYG000004066	3
3228	MGYG000001586	3
3229	MGYG000003157	2
3230	MGYG000000397	1
3231	MGYG000004765	3
3232	MGYG000000946	1
3233	MGYG000004387	3
3234	MGYG000003034	2
3235	MGYG000004766	2
3236	MGYG000004827	2
3237	MGYG000002744	3
3238	MGYG000004018	3
3239	MGYG000001096	3
3240	MGYG000002947	3
3241	MGYG000003225	3
3242	MGYG000001583	1
3243	MGYG000003007	3
3244	MGYG000001584	1
3245	MGYG000001200	3
3246	MGYG000002734	3
3247	MGYG000004846	3
3248	MGYG000000228	4
3249	MGYG000001086	2
3250	MGYG000000593	3
3251	MGYG000000599	3
3252	MGYG000000641	3
3253	MGYG000002028	3
3254	MGYG000000275	3
3255	MGYG000000797	3
3256	MGYG000001634	3
3257	MGYG000001124	3
3258	MGYG000000787	3
3259	MGYG000000830	3
3260	MGYG000002576	3
3261	MGYG000000928	2
3262	MGYG000003688	3
3263	MGYG000004625	3
3264	MGYG000000826	3
3265	MGYG000003920	3
3266	MGYG000003206	2
3267	MGYG000000835	3
3268	MGYG000001679	2
3269	MGYG000001724	1
3270	MGYG000002847	3
3271	MGYG000003968	2
3272	MGYG000002859	4
3273	MGYG000002865	2
3274	MGYG000003853	1
3275	MGYG000001642	3
3276	MGYG000003066	3
3277	MGYG000004349	3
3278	MGYG000004607	3
3279	MGYG000001992	2
3280	MGYG000003851	3
3281	MGYG000001996	3
3282	MGYG000000290	3
3283	MGYG000000396	3
3284	MGYG000004415	3
3285	MGYG000000302	3
3286	MGYG000003847	3
3287	MGYG000000737	2
3288	MGYG000000321	3
3289	MGYG000002850	2
3290	MGYG000000331	3
3291	MGYG000004651	3
3292	MGYG000003976	1
3293	MGYG000002855	2
3294	MGYG000002919	4
3295	MGYG000003685	3
3296	MGYG000003173	3
3297	MGYG000003181	2
3298	MGYG000002746	3
3299	MGYG000003732	3
3300	MGYG000004121	3
3301	MGYG000000985	3
3302	MGYG000003928	3
3303	MGYG000001353	4
3304	MGYG000001744	3
3305	MGYG000000693	3
3306	MGYG000002970	3
3307	MGYG000004684	1
3308	MGYG000003075	3
3309	MGYG000003079	3
3310	MGYG000000684	3
3311	MGYG000001009	2
3312	MGYG000004366	3
3313	MGYG000004619	3
3314	MGYG000003036	3
3315	MGYG000002739	2
3316	MGYG000003364	3
3317	MGYG000003864	2
3318	MGYG000002745	3
3319	MGYG000002849	3
3320	MGYG000002981	3
3321	MGYG000004227	2
3322	MGYG000002853	2
3323	MGYG000000648	3
3324	MGYG000001986	0
3325	MGYG000002112	1
3326	MGYG000003315	1
3327	MGYG000003885	3
3328	MGYG000004040	2
3329	MGYG000002764	2
3330	MGYG000001173	3
3331	MGYG000004814	1
3332	MGYG000001176	3
3333	MGYG000000061	3
3334	MGYG000002824	3
3335	MGYG000000210	3
3336	MGYG000002731	1
3337	MGYG000000594	3
3338	MGYG000000981	3
3339	MGYG000000947	2
3340	MGYG000003915	2
3341	MGYG000004666	3
3342	MGYG000000579	3
3343	MGYG000004330	3
3344	MGYG000000856	0
3345	MGYG000004843	3
3346	MGYG000001123	2
3347	MGYG000004682	1
3348	MGYG000000858	3
3349	MGYG000002137	2
3350	MGYG000004274	3
3351	MGYG000001142	2
3352	MGYG000001140	3
3353	MGYG000004368	3
3354	MGYG000000862	3
3355	MGYG000003462	4
3356	MGYG000004504	1
3357	MGYG000004692	4
3358	MGYG000002793	2
3359	MGYG000003322	1
3360	MGYG000000257	4
3361	MGYG000000827	3
3362	MGYG000002566	3
3363	MGYG000002978	3
3364	MGYG000003052	3
3365	MGYG000004344	3
3366	MGYG000000949	2
3367	MGYG000000865	0
3368	MGYG000000880	2
3369	MGYG000004367	3
3370	MGYG000002058	3
3371	MGYG000004240	2
3372	MGYG000004378	3
3373	MGYG000002958	3
3374	MGYG000003043	2
3375	MGYG000004772	1
3376	MGYG000003946	1
3377	MGYG000002844	3
3378	MGYG000003062	3
3379	MGYG000004356	3
3380	MGYG000000896	3
3381	MGYG000002747	3
3382	MGYG000002755	3
3383	MGYG000003108	2
3384	MGYG000003051	3
3385	MGYG000001580	1
3386	MGYG000003896	2
3387	MGYG000002991	3
3388	MGYG000004450	3
3389	MGYG000004331	3
3390	MGYG000002117	3
3391	MGYG000002936	2
3392	MGYG000004553	3
3393	MGYG000000878	3
3394	MGYG000002078	2
3395	MGYG000002187	3
3396	MGYG000002971	3
3397	MGYG000003096	2
3398	MGYG000002183	2
3399	MGYG000003026	2
3400	MGYG000003191	2
3401	MGYG000003787	2
3402	MGYG000004307	3
3403	MGYG000003274	3
3404	MGYG000004048	3
3405	MGYG000003341	2
3406	MGYG000003894	3
3407	MGYG000002948	3
3408	MGYG000002032	3
3409	MGYG000003037	3
3410	MGYG000003174	3
3411	MGYG000000531	3
3412	MGYG000004442	2
3413	MGYG000004681	3
3414	MGYG000000716	3
3415	MGYG000001190	2
3416	MGYG000002100	3
3417	MGYG000002917	3
3418	MGYG000002714	2
3419	MGYG000000955	2
3420	MGYG000001108	2
3421	MGYG000001982	3
3422	MGYG000004583	3
3423	MGYG000003260	2
3424	MGYG000004364	2
3425	MGYG000001188	3
3426	MGYG000001161	3
3427	MGYG000004590	3
3428	MGYG000001227	3
3429	MGYG000002690	3
3430	MGYG000003048	2
3431	MGYG000002751	3
3432	MGYG000004332	3
3433	MGYG000000885	3
3434	MGYG000003028	2
3435	MGYG000001731	3
3436	MGYG000002013	3
3437	MGYG000004324	2
3438	MGYG000000688	1
3439	MGYG000001179	3
3440	MGYG000002069	3
3441	MGYG000002041	3
3442	MGYG000002557	3
3443	MGYG000003180	3
3444	MGYG000002851	3
3445	MGYG000004058	3
3446	MGYG000000283	2
3447	MGYG000000309	3
3448	MGYG000000645	3
3449	MGYG000000694	3
3450	MGYG000000744	3
3451	MGYG000000934	2
3452	MGYG000001203	3
3453	MGYG000001582	1
3454	MGYG000002932	3
3455	MGYG000000702	2
3456	MGYG000001718	3
3457	MGYG000003830	1
3458	MGYG000001813	1
3459	MGYG000002752	3
3460	MGYG000001134	3
3461	MGYG000002869	3
3462	MGYG000003339	3
3463	MGYG000000261	3
3464	MGYG000000320	3
3465	MGYG000003183	3
3466	MGYG000001916	2
3467	MGYG000001019	3
3468	MGYG000000772	3
3469	MGYG000001568	1
3470	MGYG000001842	3
3471	MGYG000000660	3
3472	MGYG000002142	3
3473	MGYG000003027	2
3474	MGYG000004407	3
3475	MGYG000002735	3
3476	MGYG000000780	3
3477	MGYG000003231	3
3478	MGYG000004217	2
3479	MGYG000004284	3
3480	MGYG000003109	1
3481	MGYG000002050	3
3482	MGYG000002055	3
3483	MGYG000003873	3
3484	MGYG000003030	3
3485	MGYG000001741	3
3486	MGYG000001915	1
3487	MGYG000002921	1
3488	MGYG000000881	3
3489	MGYG000000940	3
3490	MGYG000002110	3
3491	MGYG000004374	3
3492	MGYG000002107	2
3493	MGYG000004522	3
3494	MGYG000002750	2
3495	MGYG000002087	3
3496	MGYG000002927	2
3497	MGYG000004480	3
3498	MGYG000001107	2
3499	MGYG000002911	3
3500	MGYG000001215	3
3501	MGYG000002778	3
3502	MGYG000001084	2
3503	MGYG000003081	3
3504	MGYG000004597	3
3505	MGYG000001717	3
3506	MGYG000004656	1
3507	MGYG000004868	2
3508	MGYG000001759	3
3509	MGYG000002767	1
3510	MGYG000002122	2
3511	MGYG000002759	3
3512	MGYG000002757	3
3513	MGYG000002020	3
3514	MGYG000001003	3
3515	MGYG000004301	2
3516	MGYG000004761	3
3517	MGYG000000292	2
3518	MGYG000000879	3
3519	MGYG000001653	3
3520	MGYG000004023	2
3521	MGYG000003159	2
3522	MGYG000003050	2
3523	MGYG000001025	1
3524	MGYG000001236	2
3525	MGYG000000160	3
3526	MGYG000000247	3
3527	MGYG000000907	2
3528	MGYG000001575	3
3529	MGYG000000842	3
3530	MGYG000001709	4
3531	MGYG000001249	2
3532	MGYG000000905	1
3533	MGYG000001567	4
3534	MGYG000001588	4
3535	MGYG000000313	2
3536	MGYG000003361	4
3537	MGYG000001382	4
3538	MGYG000004424	4
3539	MGYG000004859	3
3540	MGYG000004653	2
3541	MGYG000001538	4
3542	MGYG000004664	4
3543	MGYG000004419	3
3544	MGYG000001413	4
3545	MGYG000001427	4
3546	MGYG000001605	4
3547	MGYG000004584	4
3548	MGYG000000256	4
3549	MGYG000004706	4
3550	MGYG000003624	4
3551	MGYG000004808	3
3552	MGYG000000861	0
3553	MGYG000000785	1
3554	MGYG000002998	1
3555	MGYG000003373	1
3556	MGYG000003356	1
3557	MGYG000002842	1
3558	MGYG000001267	1
3559	MGYG000002908	1
3560	MGYG000001214	1
3561	MGYG000002104	4
3562	MGYG000002782	4
3563	MGYG000002450	4
3564	MGYG000002405	4
3565	MGYG000004567	4
3566	MGYG000004577	2
3567	MGYG000004617	4
3568	MGYG000004523	4
3569	MGYG000000535	4
3570	MGYG000002599	4
3571	MGYG000004737	4
3572	MGYG000004877	4
3573	MGYG000001519	3
3574	MGYG000001545	1
3575	MGYG000002972	1
3576	MGYG000004755	4
3577	MGYG000000829	4
3578	MGYG000002094	2
3579	MGYG000004716	1
3580	MGYG000004259	1
3581	MGYG000000614	4
3582	MGYG000003298	3
3583	MGYG000004257	3
3584	MGYG000001213	3
3585	MGYG000002106	3
3586	MGYG000002914	2
3587	MGYG000000620	4
3588	MGYG000002801	4
3589	MGYG000000585	4
3590	MGYG000002924	4
3591	MGYG000000613	4
3592	MGYG000000291	1
3593	MGYG000000602	2
3594	MGYG000001168	1
3595	MGYG000003886	1
3596	MGYG000001815	2
3597	MGYG000001026	2
3598	MGYG000000300	1
3599	MGYG000000980	1
3600	MGYG000004134	1
3601	MGYG000004595	1
3602	MGYG000001062	1
3603	MGYG000001154	1
3604	MGYG000001198	1
3605	MGYG000004278	1
3606	MGYG000003003	1
3607	MGYG000003745	1
3608	MGYG000000304	2
3609	MGYG000000616	2
3610	MGYG000000944	2
3611	MGYG000004083	2
3612	MGYG000001090	1
3613	MGYG000001233	1
3614	MGYG000002761	0
3615	MGYG000001153	1
3616	MGYG000001163	1
3617	MGYG000004724	1
3618	MGYG000001167	1
3619	MGYG000004728	1
3620	MGYG000004614	1
3621	MGYG000000577	1
3622	MGYG000000603	2
3623	MGYG000001278	1
3624	MGYG000001686	1
3625	MGYG000000595	4
3626	MGYG000004592	2
3627	MGYG000004900	4
3628	MGYG000000767	3
3629	MGYG000002451	4
3630	MGYG000002413	4
3631	MGYG000002440	4
3632	MGYG000002441	4
3633	MGYG000002544	4
3634	MGYG000004835	4
3635	MGYG000004896	4
3636	MGYG000002352	4
3637	MGYG000002487	4
3638	MGYG000002409	4
3639	MGYG000002442	4
3640	MGYG000004856	4
3641	MGYG000002023	4
3642	MGYG000004554	3
3643	MGYG000004183	4
3644	MGYG000004895	3
3645	MGYG000002419	1
3646	MGYG000004635	2
3647	MGYG000002480	4
3648	MGYG000002712	4
3649	MGYG000004817	4
3650	MGYG000000597	4
3651	MGYG000000643	4
3652	MGYG000001387	4
3653	MGYG000004654	4
3654	MGYG000003303	4
3655	MGYG000004238	2
3656	MGYG000000611	4
3657	MGYG000000635	4
3658	MGYG000002957	3
3659	MGYG000004041	3
3660	MGYG000001600	2
3661	MGYG000004112	3
3662	MGYG000001524	4
3663	MGYG000001740	2
3664	MGYG000000911	4
3665	MGYG000001638	2
3666	MGYG000004264	2
3667	MGYG000001409	3
3668	MGYG000004189	2
3669	MGYG000002509	4
3670	MGYG000002910	4
3671	MGYG000001194	3
3672	MGYG000002074	3
3673	MGYG000004247	2
3674	MGYG000002686	3
3675	MGYG000004138	3
3676	MGYG000001231	3
3677	MGYG000001816	4
3678	MGYG000000081	4
3679	MGYG000000759	2
3680	MGYG000003125	3
3681	MGYG000003196	3
3682	MGYG000003380	3
3683	MGYG000003128	2
3684	MGYG000003375	4
3685	MGYG000003762	3
3686	MGYG000003806	4
3687	MGYG000001554	4
3688	MGYG000001533	3
3689	MGYG000001544	4
3690	MGYG000003805	3
3691	MGYG000001701	4
3692	MGYG000002406	4
3693	MGYG000000762	1
3694	MGYG000001270	2
3695	MGYG000002888	3
3696	MGYG000001540	4
3697	MGYG000001435	3
3698	MGYG000003811	3
3699	MGYG000002895	1
3700	MGYG000003716	1
3701	MGYG000002306	4
3702	MGYG000002359	4
3703	MGYG000001468	4
3704	MGYG000000101	4
3705	MGYG000001450	4
3706	MGYG000000307	2
3707	MGYG000001269	2
3708	MGYG000004883	2
3709	MGYG000001078	1
3710	MGYG000001268	1
3711	MGYG000004886	1
3712	MGYG000001258	2
3713	MGYG000003124	2
3714	MGYG000002999	1
3715	MGYG000003000	1
3716	MGYG000000326	2
3717	MGYG000002537	4
3718	MGYG000001408	4
3719	MGYG000003791	3
3720	MGYG000003792	2
3721	MGYG000000112	4
3722	MGYG000002943	4
3723	MGYG000002900	4
3724	MGYG000004739	4
3725	MGYG000002941	2
3726	MGYG000003014	2
3727	MGYG000000299	1
3728	MGYG000001411	1
3729	MGYG000001621	1
3730	MGYG000003140	2
3731	MGYG000000308	3
3732	MGYG000001273	3
3733	MGYG000001284	3
3734	MGYG000003113	4
3735	MGYG000001441	4
3736	MGYG000002988	4
3737	MGYG000001006	2
3738	MGYG000001285	4
3739	MGYG000004268	1
3740	MGYG000000571	1
3741	MGYG000003808	4
3742	MGYG000004566	2
3743	MGYG000001480	4
3744	MGYG000001522	4
3745	MGYG000003186	1
3746	MGYG000000303	2
3747	MGYG000003810	2
3748	MGYG000002897	2
3749	MGYG000002899	2
3750	MGYG000000336	1
3751	MGYG000003756	1
3752	MGYG000001014	1
3753	MGYG000004314	2
3754	MGYG000003145	4
3755	MGYG000002894	2
3756	MGYG000003130	1
3757	MGYG000003723	2
3758	MGYG000003800	2
3759	MGYG000000642	1
3760	MGYG000004080	2
3761	MGYG000003755	1
3762	MGYG000003314	2
3763	MGYG000001509	3
3764	MGYG000000756	2
3765	MGYG000001490	2
3766	MGYG000003683	3
3767	MGYG000002395	3
3768	MGYG000003452	4
3769	MGYG000001354	4
3770	MGYG000001292	4
3771	MGYG000002469	4
3772	MGYG000002397	3
3773	MGYG000002396	4
3774	MGYG000003383	4
3775	MGYG000001159	4
3776	MGYG000003069	4
3777	MGYG000001287	1
3778	MGYG000003730	1
3779	MGYG000002977	1
3780	MGYG000003725	1
3781	MGYG000003767	1
3782	MGYG000002334	4
3783	MGYG000000775	3
3784	MGYG000002459	3
3785	MGYG000002365	4
3786	MGYG000004731	4
3787	MGYG000001471	3
3788	MGYG000001283	2
3789	MGYG000002940	1
3790	MGYG000003120	1
3791	MGYG000001416	4
3792	MGYG000001537	4
3793	MGYG000001419	4
3794	MGYG000001448	4
3795	MGYG000001486	4
3796	MGYG000000111	4
3797	MGYG000001446	4
3798	MGYG000003135	4
3799	MGYG000002401	4
3800	MGYG000001483	4
3801	MGYG000001484	0
3802	MGYG000004127	4
3803	MGYG000001418	4
3804	MGYG000001443	4
3805	MGYG000000541	4
3806	MGYG000002665	4
3807	MGYG000002669	2
3808	MGYG000003670	2
3809	MGYG000001339	2
3810	MGYG000001389	4
3811	MGYG000001609	4
3812	MGYG000004564	4
3813	MGYG000004902	3
3814	MGYG000001589	4
3815	MGYG000003788	2
3816	MGYG000003722	2
3817	MGYG000003259	1
3818	MGYG000000006	3
3819	MGYG000000011	3
3820	MGYG000000025	3
3821	MGYG000000122	3
3822	MGYG000003401	3
3823	MGYG000001080	1
3824	MGYG000002338	3
3825	MGYG000002399	2
3826	MGYG000002400	3
3827	MGYG000002301	3
3828	MGYG000002337	4
3829	MGYG000002548	4
3830	MGYG000001437	2
3831	MGYG000000010	3
3832	MGYG000001449	1
3833	MGYG000002909	1
3834	MGYG000003121	1
3835	MGYG000003391	1
3836	MGYG000004562	1
3837	MGYG000002983	1
3838	MGYG000002986	1
3839	MGYG000000026	3
3840	MGYG000000547	2
3841	MGYG000000817	3
3842	MGYG000003320	3
3843	MGYG000003653	3
3844	MGYG000000244	4
3845	MGYG000002770	3
3846	MGYG000000134	4
3847	MGYG000001635	4
3848	MGYG000001402	4
3849	MGYG000001452	4
3850	MGYG000004872	4
3851	MGYG000001257	3
3852	MGYG000004834	3
3853	MGYG000004234	3
3854	MGYG000000045	3
3855	MGYG000000670	3
3856	MGYG000002444	4
3857	MGYG000000269	2
3858	MGYG000001304	3
3859	MGYG000001697	4
3860	MGYG000001400	4
3861	MGYG000004633	3
3862	MGYG000000132	3
3863	MGYG000001487	3
3864	MGYG000000908	2
3865	MGYG000000173	2
3866	MGYG000004591	2
3867	MGYG000002952	1
3868	MGYG000000773	3
3869	MGYG000000699	1
3870	MGYG000001826	2
3871	MGYG000000662	1
3872	MGYG000003586	4
3873	MGYG000003620	4
3874	MGYG000000622	2
3875	MGYG000000192	4
3876	MGYG000002779	4
3877	MGYG000001430	4
3878	MGYG000000186	2
3879	MGYG000004375	2
3880	MGYG000000253	3
3881	MGYG000003699	3
3882	MGYG000000655	3
3883	MGYG000001711	3
3884	MGYG000001455	0
3885	MGYG000003689	3
3886	MGYG000004288	2
3887	MGYG000004610	2
3888	MGYG000000267	1
3889	MGYG000000930	2
3890	MGYG000000380	2
3891	MGYG000003874	2
3892	MGYG000002014	3
3893	MGYG000003087	4
3894	MGYG000000223	4
3895	MGYG000000240	3
3896	MGYG000001398	4
3897	MGYG000001008	4
3898	MGYG000001352	4
3899	MGYG000001396	4
3900	MGYG000002268	4
3901	MGYG000001299	2
3902	MGYG000001177	2
3903	MGYG000001684	1
3904	MGYG000001421	4
3905	MGYG000002329	4
3906	MGYG000004077	1
3907	MGYG000000374	1
3908	MGYG000001053	1
3909	MGYG000003257	1
3910	MGYG000001800	1
3911	MGYG000004029	2
3912	MGYG000000427	2
3913	MGYG000004440	1
3914	MGYG000004488	1
3915	MGYG000004199	1
3916	MGYG000002030	3
3917	MGYG000000431	1
3918	MGYG000003568	1
3919	MGYG000004498	1
3920	MGYG000000471	2
3921	MGYG000003476	2
3922	MGYG000001669	1
3923	MGYG000003292	2
3924	MGYG000004360	2
3925	MGYG000003411	2
3926	MGYG000004606	1
3927	MGYG000000435	2
3928	MGYG000003956	1
3929	MGYG000004425	1
3930	MGYG000000478	2
3931	MGYG000001828	1
3932	MGYG000000664	3
3933	MGYG000003507	2
3934	MGYG000000686	2
3935	MGYG000003302	2
3936	MGYG000003426	1
3937	MGYG000000952	1
3938	MGYG000000974	2
3939	MGYG000004545	2
3940	MGYG000000975	0
3941	MGYG000000803	1
3942	MGYG000003385	0
3943	MGYG000003407	1
3944	MGYG000004675	1
3945	MGYG000002220	0
3946	MGYG000000297	1
3947	MGYG000001048	1
3948	MGYG000001184	1
3949	MGYG000004391	1
3950	MGYG000000498	1
3951	MGYG000001672	1
3952	MGYG000004527	1
3953	MGYG000001043	0
3954	MGYG000004455	1
3955	MGYG000002804	1
3956	MGYG000003981	1
3957	MGYG000002139	1
3958	MGYG000001962	0
3959	MGYG000002024	1
3960	MGYG000004406	1
3961	MGYG000002925	1
3962	MGYG000004741	1
3963	MGYG000004795	1
3964	MGYG000001776	1
3965	MGYG000000784	1
3966	MGYG000000714	2
3967	MGYG000004342	1
3968	MGYG000001201	1
3969	MGYG000004502	1
3970	MGYG000001662	1
3971	MGYG000003090	1
3972	MGYG000000419	1
3973	MGYG000004170	1
3974	MGYG000004228	1
3975	MGYG000004303	1
3976	MGYG000000434	1
3977	MGYG000001946	1
3978	MGYG000002167	1
3979	MGYG000003665	1
3980	MGYG000004261	1
3981	MGYG000004333	1
3982	MGYG000000332	1
3983	MGYG000002870	1
3984	MGYG000003998	1
3985	MGYG000004218	1
3986	MGYG000004620	1
3987	MGYG000002240	1
3988	MGYG000004084	1
3989	MGYG000000465	1
3990	MGYG000002002	1
3991	MGYG000004254	1
3992	MGYG000004507	1
3993	MGYG000004393	1
3994	MGYG000004447	1
3995	MGYG000003095	1
3996	MGYG000004546	1
3997	MGYG000004242	1
3998	MGYG000004352	1
3999	MGYG000000958	1
4000	MGYG000001926	1
4001	MGYG000001239	1
4002	MGYG000002265	1
4003	MGYG000004776	1
4004	MGYG000002175	1
4005	MGYG000002253	1
4006	MGYG000004008	1
4007	MGYG000004226	1
4008	MGYG000002799	1
4009	MGYG000003222	1
4010	MGYG000004025	1
4011	MGYG000000381	1
4012	MGYG000002812	1
4013	MGYG000004014	1
4014	MGYG000004379	1
4015	MGYG000004177	1
4016	MGYG000000430	1
4017	MGYG000004409	1
4018	MGYG000000496	1
4019	MGYG000001897	1
4020	MGYG000003518	1
4021	MGYG000004102	1
4022	MGYG000001752	1
4023	MGYG000003663	1
4024	MGYG000004204	1
4025	MGYG000003951	1
4026	MGYG000000469	1
4027	MGYG000000887	1
4028	MGYG000001676	1
4029	MGYG000004753	1
4030	MGYG000004890	1
4031	MGYG000002208	1
4032	MGYG000004508	1
4033	MGYG000002182	1
4034	MGYG000004509	1
4035	MGYG000003671	1
4036	MGYG000004051	1
4037	MGYG000000661	1
4038	MGYG000002259	1
4039	MGYG000003940	1
4040	MGYG000004012	1
4041	MGYG000004101	1
4042	MGYG000004355	1
4043	MGYG000004117	1
4044	MGYG000004389	1
4045	MGYG000000540	1
4046	MGYG000004862	1
4047	MGYG000001917	1
4048	MGYG000001648	1
4049	MGYG000002590	1
4050	MGYG000003659	1
4051	MGYG000003672	0
4052	MGYG000004086	1
4053	MGYG000004395	1
4054	MGYG000002166	1
4055	MGYG000004601	1
4056	MGYG000003832	1
4057	MGYG000004299	1
4058	MGYG000004038	1
4059	MGYG000000426	1
4060	MGYG000004343	1
4061	MGYG000004175	1
4062	MGYG000002248	1
4063	MGYG000002249	1
4064	MGYG000004149	1
4065	MGYG000004669	1
4066	MGYG000004162	1
4067	MGYG000000446	1
4068	MGYG000004401	1
4069	MGYG000001959	1
4070	MGYG000002814	1
4071	MGYG000004417	1
4072	MGYG000002200	1
4073	MGYG000004120	1
4074	MGYG000002607	1
4075	MGYG000004743	1
4076	MGYG000002239	1
4077	MGYG000004530	1
4078	MGYG000001743	1
4079	MGYG000003944	1
4080	MGYG000004167	1
4081	MGYG000004216	1
4082	MGYG000001041	1
4083	MGYG000004211	1
4084	MGYG000001840	1
4085	MGYG000004249	1
4086	MGYG000001968	1
4087	MGYG000002207	1
4088	MGYG000000347	1
4089	MGYG000004460	2
4090	MGYG000004423	1
4091	MGYG000000433	1
4092	MGYG000000588	1
4093	MGYG000000931	1
4094	MGYG000001928	1
4095	MGYG000002191	2
4096	MGYG000003230	2
4097	MGYG000004451	1
4098	MGYG000004538	2
4099	MGYG000001785	1
4100	MGYG000003606	1
4101	MGYG000000488	2
4102	MGYG000003577	2
4103	MGYG000001957	1
4104	MGYG000002786	1
4105	MGYG000004302	2
4106	MGYG000004600	2
4107	MGYG000000037	3
4108	MGYG000000143	3
4109	MGYG000000007	2
4110	MGYG000000161	2
4111	MGYG000004045	2
4112	MGYG000001335	2
4113	MGYG000002348	2
4114	MGYG000002384	2
4115	MGYG000003334	2
4116	MGYG000002379	2
4117	MGYG000001517	1
4118	MGYG000002956	1
4119	MGYG000000844	1
4120	MGYG000000916	2
4121	MGYG000001369	2
4122	MGYG000002313	2
4123	MGYG000000008	2
4124	MGYG000002387	3
4125	MGYG000003690	2
4126	MGYG000002360	2
4127	MGYG000001383	1
4128	MGYG000004767	1
4129	MGYG000000822	2
4130	MGYG000004788	2
4131	MGYG000002789	1
4132	MGYG000002774	4
4133	MGYG000000843	3
4134	MGYG000001293	3
4135	MGYG000002383	3
4136	MGYG000002388	4
4137	MGYG000002339	0
4138	MGYG000000020	1
4139	MGYG000002389	2
4140	MGYG000003710	2
4141	MGYG000000009	2
4142	MGYG000000097	1
4143	MGYG000001334	3
4144	MGYG000002324	2
4145	MGYG000002579	1
4146	MGYG000002390	2
4147	MGYG000000021	2
4148	MGYG000004046	1
4149	MGYG000004665	2
4150	MGYG000001077	1
4151	MGYG000001516	2
4152	MGYG000004668	1
4153	MGYG000004792	1
4154	MGYG000004840	1
4155	MGYG000001336	0
4156	MGYG000004287	2
4157	MGYG000000166	2
4158	MGYG000004819	2
4159	MGYG000002593	1
4160	MGYG000002319	3
4161	MGYG000004861	2
4162	MGYG000004821	1
4163	MGYG000000096	3
4164	MGYG000001341	1
4165	MGYG000003405	1
4166	MGYG000004652	1
4167	MGYG000000155	2
4168	MGYG000004898	1
4169	MGYG000000248	2
4170	MGYG000001340	2
4171	MGYG000001100	1
4172	MGYG000000330	2
4173	MGYG000002472	3
4174	MGYG000003317	2
4175	MGYG000001333	0
4176	MGYG000002542	3
4177	MGYG000002361	1
4178	MGYG000002044	1
4179	MGYG000002380	2
4180	MGYG000004860	2
4181	MGYG000002386	4
4182	MGYG000002787	3
4183	MGYG000001296	1
4184	MGYG000002367	1
4185	MGYG000000023	1
4186	MGYG000000199	1
4187	MGYG000002826	1
4188	MGYG000002843	1
4189	MGYG000001274	1
4190	MGYG000001064	1
4191	MGYG000001289	1
4192	MGYG000000109	1
4193	MGYG000002296	0
4194	MGYG000000114	1
4195	MGYG000001197	1
4196	MGYG000002982	1
4197	MGYG000000298	1
4198	MGYG000000318	1
4199	MGYG000001442	1
4200	MGYG000002822	1
4201	MGYG000001558	2
4202	MGYG000000754	1
4203	MGYG000002891	1
4204	MGYG000002554	1
4205	MGYG000004266	1
4206	MGYG000003739	1
4207	MGYG000002890	1
4208	MGYG000003146	1
4209	MGYG000004603	1
4210	MGYG000003717	1
4211	MGYG000000978	1
4212	MGYG000003797	1
4213	MGYG000003392	1
4214	MGYG000003370	1
4215	MGYG000003136	1
4216	MGYG000003138	1
4217	MGYG000003134	1
4218	MGYG000001342	2
4219	MGYG000002594	1
4220	MGYG000003002	1
4221	MGYG000001362	1
4222	MGYG000002347	2
4223	MGYG000004321	1
4224	MGYG000000088	2
4225	MGYG000001308	2
4226	MGYG000001363	1
4227	MGYG000000246	2
4228	MGYG000003357	1
4229	MGYG000000576	1
4230	MGYG000002349	2
4231	MGYG000000113	2
4232	MGYG000004789	2
4233	MGYG000000580	1
4234	MGYG000002302	1
4235	MGYG000004345	1
4236	MGYG000001068	2
4237	MGYG000000277	2
4238	MGYG000004770	1
4239	MGYG000000226	3
4240	MGYG000000771	1
4241	MGYG000003404	1
4242	MGYG000000230	2
4243	MGYG000000582	2
4244	MGYG000001017	1
4245	MGYG000000681	1
4246	MGYG000002997	1
4247	MGYG000000106	4
4248	MGYG000000238	4
4249	MGYG000000323	3
4250	MGYG000000335	1
4251	MGYG000000163	2
4252	MGYG000001208	3
4253	MGYG000001492	3
4254	MGYG000001696	4
4255	MGYG000002939	2
4256	MGYG000003709	2
4257	MGYG000003714	3
4258	MGYG000002270	4
4259	MGYG000002967	3
4260	MGYG000000162	3
4261	MGYG000004798	3
4262	MGYG000002320	4
4263	MGYG000002353	4
4264	MGYG000002493	4
4265	MGYG000001694	2
4266	MGYG000002468	4
4267	MGYG000000234	2
4268	MGYG000002299	2
4269	MGYG000001075	1
4270	MGYG000002839	1
4271	MGYG000004316	1
4272	MGYG000003010	1
4273	MGYG000001298	2
4274	MGYG000001395	2
4275	MGYG000002325	3
4276	MGYG000002392	3
4277	MGYG000001406	0
4278	MGYG000002457	4
4279	MGYG000002309	4
4280	MGYG000004541	4
4281	MGYG000004730	2
4282	MGYG000001438	4
4283	MGYG000004015	4
4284	MGYG000001482	4
4285	MGYG000000012	4
4286	MGYG000000147	4
4287	MGYG000002357	4
4288	MGYG000000227	4
4289	MGYG000001405	4
4290	MGYG000001712	4
4291	MGYG000002356	4
4292	MGYG000002288	4
4293	MGYG000002283	4
4294	MGYG000000083	4
4295	MGYG000001428	4
4296	MGYG000001498	4
4297	MGYG000004176	2
4298	MGYG000001412	4
4299	MGYG000003133	4
4300	MGYG000002404	4
4301	MGYG000002408	4
4302	MGYG000001469	0
4303	MGYG000001475	4
4304	MGYG000001481	4
4305	MGYG000000191	3
4306	MGYG000001390	4
4307	MGYG000001501	4
4308	MGYG000001403	4
4309	MGYG000001472	4
4310	MGYG000001470	4
4311	MGYG000001702	4
4312	MGYG000002391	4
4313	MGYG000001508	4
4314	MGYG000001523	4
4315	MGYG000001549	4
4316	MGYG000001511	3
4317	MGYG000000079	3
4318	MGYG000000264	4
4319	MGYG000000116	4
4320	MGYG000002937	4
4321	MGYG000002326	4
4322	MGYG000001491	3
4323	MGYG000001453	4
4324	MGYG000002314	4
4325	MGYG000001488	4
4326	MGYG000001510	4
4327	MGYG000001371	4
4328	MGYG000003402	4
4329	MGYG000001507	4
4330	MGYG000002414	4
4331	MGYG000003072	4
4332	MGYG000003687	4
4333	MGYG000001451	4
4334	MGYG000001542	4
4335	MGYG000001525	4
4336	MGYG000001535	4
4337	MGYG000003359	4
4338	MGYG000001526	4
4339	MGYG000001514	4
4340	MGYG000001548	4
4341	MGYG000002490	4
4342	MGYG000002817	4
4343	MGYG000002407	4
4344	MGYG000001404	4
4345	MGYG000001518	4
4346	MGYG000001436	4
4347	MGYG000000027	4
4348	MGYG000001316	4
4349	MGYG000003655	3
4350	MGYG000000182	4
4351	MGYG000001944	4
4352	MGYG000003482	4
4353	MGYG000003625	4
4354	MGYG000003294	1
4355	MGYG000003475	2
4356	MGYG000002022	3
4357	MGYG000002113	0
4358	MGYG000000794	2
4359	MGYG000004717	2
4360	MGYG000002284	2
4361	MGYG000004744	2
4362	MGYG000000100	2
4363	MGYG000002907	4
4364	MGYG000003131	3
4365	MGYG000000218	3
4366	MGYG000000901	3
4367	MGYG000002121	3
4368	MGYG000001556	4
4369	MGYG000004836	4
4370	MGYG000004805	4
4371	MGYG000003477	2
4372	MGYG000003585	2
4373	MGYG000001612	1
4374	MGYG000004611	1
4375	MGYG000000847	2
4376	MGYG000001440	2
4377	MGYG000000294	1
4378	MGYG000000486	2
4379	MGYG000001365	1
4380	MGYG000000591	2
4381	MGYG000002659	1
4382	MGYG000000533	2
4383	MGYG000001790	1
4384	MGYG000001858	1
4385	MGYG000004816	2
4386	MGYG000001859	2
4387	MGYG000000310	1
4388	MGYG000001117	1
4389	MGYG000003635	1
4390	MGYG000000782	1
4391	MGYG000000927	1
4392	MGYG000001629	1
4393	MGYG000000917	1
4394	MGYG000004769	2
4395	MGYG000003868	2
4396	MGYG000001626	1
4397	MGYG000001778	1
4398	MGYG000001870	2
4399	MGYG000001980	1
4400	MGYG000004337	2
4401	MGYG000001259	2
4402	MGYG000002079	2
4403	MGYG000003815	2
4404	MGYG000002969	1
4405	MGYG000000046	3
4406	MGYG000004796	1
4407	MGYG000003271	1
4408	MGYG000000612	2
4409	MGYG000002336	0
4410	MGYG000002547	3
4411	MGYG000003747	2
4412	MGYG000002555	2
4413	MGYG000001802	2
4414	MGYG000001695	3
4415	MGYG000002994	2
4416	MGYG000004801	2
4417	MGYG000002861	2
4418	MGYG000002800	2
4419	MGYG000001281	1
4420	MGYG000000276	3
4421	MGYG000001561	3
4422	MGYG000000558	2
4423	MGYG000004397	1
4424	MGYG000001559	1
4425	MGYG000001762	1
4426	MGYG000004289	1
4427	MGYG000003795	2
4428	MGYG000004272	1
4429	MGYG000000214	1
4430	MGYG000000279	1
4431	MGYG000002646	1
4432	MGYG000000926	1
4433	MGYG000003345	1
4434	MGYG000003071	1
4435	MGYG000004277	1
4436	MGYG000001288	1
4437	MGYG000003784	1
4438	MGYG000004661	1
4439	MGYG000004894	1
4440	MGYG000003188	1
4441	MGYG000004888	1
4442	MGYG000003902	2
4443	MGYG000001010	1
4444	MGYG000000786	1
4445	MGYG000002830	1
4446	MGYG000002642	1
4447	MGYG000000311	1
4448	MGYG000002645	1
4449	MGYG000000293	1
4450	MGYG000000818	1
4451	MGYG000001349	2
4452	MGYG000002640	1
4453	MGYG000003190	1
4454	MGYG000004673	1
4455	MGYG000004858	1
4456	MGYG000001444	2
4457	MGYG000002819	2
4458	MGYG000003406	1
4459	MGYG000002630	1
4460	MGYG000003329	1
4461	MGYG000001066	0
4462	MGYG000003397	0
4463	MGYG000001070	1
4464	MGYG000002902	1
4465	MGYG000003197	1
4466	MGYG000000783	1
4467	MGYG000004782	1
4468	MGYG000000968	1
4469	MGYG000004351	1
4470	MGYG000003343	2
4471	MGYG000002565	1
4472	MGYG000000411	1
4473	MGYG000004158	1
4474	MGYG000000994	1
4475	MGYG000002792	1
4476	MGYG000002777	1
4477	MGYG000000630	3
4478	MGYG000000671	4
4479	MGYG000001397	4
4480	MGYG000003344	4
4481	MGYG000000742	3
4482	MGYG000003348	3
4483	MGYG000004804	1
4484	MGYG000000725	3
4485	MGYG000001248	3
4486	MGYG000002222	3
4487	MGYG000001060	2
4488	MGYG000002562	1
4489	MGYG000001613	1
4490	MGYG000002990	1
4491	MGYG000001162	2
4492	MGYG000004095	1
4493	MGYG000004812	2
4494	MGYG000004110	2
4495	MGYG000002053	1
4496	MGYG000000776	1
4497	MGYG000000757	1
4498	MGYG000002820	1
4499	MGYG000002903	1
4500	MGYG000003772	1
4501	MGYG000000285	2
4502	MGYG000001102	2
4503	MGYG000000413	3
4504	MGYG000004093	3
4505	MGYG000004556	3
4506	MGYG000001023	3
4507	MGYG000001181	1
4508	MGYG000001067	1
4509	MGYG000001171	2
4510	MGYG000003185	1
4511	MGYG000001020	1
4512	MGYG000003218	1
4513	MGYG000004118	1
4514	MGYG000001388	0
4515	MGYG000003704	1
4516	MGYG000000014	4
4517	MGYG000003550	3
4518	MGYG000004667	4
4519	MGYG000000902	4
4520	MGYG000004699	4
4521	MGYG000000151	4
4522	MGYG000000977	3
4523	MGYG000000047	4
4524	MGYG000000104	4
4525	MGYG000003114	4
4526	MGYG000002962	3
4527	MGYG000004852	2
4528	MGYG000003396	4
4529	MGYG000000149	4
4530	MGYG000000839	2
4531	MGYG000001423	4
4532	MGYG000001089	4
4533	MGYG000002190	3
4534	MGYG000000915	4
4535	MGYG000004230	4
4536	MGYG000001328	4
4537	MGYG000002373	4
4538	MGYG000000064	3
4539	MGYG000000048	2
4540	MGYG000002372	4
4541	MGYG000001513	4
4542	MGYG000001553	3
4543	MGYG000001477	4
4544	MGYG000002377	4
4545	MGYG000004714	2
4546	MGYG000001479	4
4547	MGYG000003416	1
4548	MGYG000000125	4
4549	MGYG000002938	2
4550	MGYG000001309	4
4551	MGYG000002355	4
4552	MGYG000003116	2
4553	MGYG000001497	2
4554	MGYG000002375	2
4555	MGYG000003139	2
4556	MGYG000002402	3
4557	MGYG000000115	4
4558	MGYG000001474	4
4559	MGYG000003143	4
4560	MGYG000001407	4
4561	MGYG000001699	4
4562	MGYG000003142	4
4563	MGYG000000121	4
4564	MGYG000001276	4
4565	MGYG000000219	4
4566	MGYG000000807	1
4567	MGYG000001305	2
4568	MGYG000003705	3
4569	MGYG000000120	2
4570	MGYG000000758	1
4571	MGYG000003117	1
4572	MGYG000001532	1
4573	MGYG000001425	1
4574	MGYG000002317	2
4575	MGYG000003150	1
4576	MGYG000002959	1
4577	MGYG000003727	1
4578	MGYG000003802	1
4579	MGYG000003751	1
4580	MGYG000001414	1
4581	MGYG000003719	1
4582	MGYG000003757	1
4583	MGYG000003796	1
4584	MGYG000003759	1
4585	MGYG000000130	2
4586	MGYG000003721	1
4587	MGYG000001506	2
4588	MGYG000000766	1
4589	MGYG000001521	1
4590	MGYG000003738	1
4591	MGYG000001013	1
4592	MGYG000003720	1
4593	MGYG000003740	1
4594	MGYG000003775	1
4595	MGYG000003778	1
4596	MGYG000000761	0
4597	MGYG000003782	0
4598	MGYG000002892	1
4599	MGYG000002901	1
4600	MGYG000003760	1
4601	MGYG000002815	1
4602	MGYG000001011	1
4603	MGYG000003780	1
4604	MGYG000003785	1
4605	MGYG000003789	1
4606	MGYG000003369	1
4607	MGYG000002269	0
4608	MGYG000003129	1
4609	MGYG000003195	1
4610	MGYG000003724	1
4611	MGYG000001355	1
4612	MGYG000001424	1
4613	MGYG000002887	1
4614	MGYG000001495	2
4615	MGYG000001530	1
4616	MGYG000002315	2
4617	MGYG000002316	2
4618	MGYG000001505	2
4619	MGYG000002318	3
4620	MGYG000003793	1
4621	MGYG000003807	1
4622	MGYG000001541	1
4623	MGYG000001563	1
4624	MGYG000003750	1
4625	MGYG000003741	1
4626	MGYG000001291	2
4627	MGYG000002821	2
4628	MGYG000002896	1
4629	MGYG000004678	2
4630	MGYG000003368	2
4631	MGYG000001515	2
4632	MGYG000001301	1
4633	MGYG000002197	1
4634	MGYG000001473	4
4635	MGYG000001610	2
4636	MGYG000001504	4
4637	MGYG000002421	4
4638	MGYG000002818	4
4639	MGYG000003708	3
4640	MGYG000000040	2
4641	MGYG000001651	2
4642	MGYG000002954	2
4643	MGYG000004198	1
4644	MGYG000002975	1
4645	MGYG000004016	2
4646	MGYG000004481	2
4647	MGYG000001727	2
4648	MGYG000003623	1
4649	MGYG000000126	4
4650	MGYG000003210	1
4651	MGYG000000792	1
4652	MGYG000004713	1
4653	MGYG000000063	4
4654	MGYG000002195	4
4655	MGYG000001547	4
4656	MGYG000001953	2
4657	MGYG000000601	1
4658	MGYG000002597	1
4659	MGYG000004631	0
4660	MGYG000003324	1
4661	MGYG000003971	2
4662	MGYG000003748	1
4663	MGYG000003758	1
4664	MGYG000002600	2
4665	MGYG000004729	2
4666	MGYG000004715	2
4667	MGYG000003718	1
4668	MGYG000003898	1
4669	MGYG000003726	1
4670	MGYG000000668	3
4671	MGYG000001577	2
4672	MGYG000000711	1
4673	MGYG000004809	2
4674	MGYG000004308	1
4675	MGYG000001729	2
4676	MGYG000001819	2
4677	MGYG000001893	2
4678	MGYG000004173	1
4679	MGYG000002146	1
4680	MGYG000004863	1
4681	MGYG000002876	2
4682	MGYG000002586	1
4683	MGYG000001191	2
4684	MGYG000000367	1
4685	MGYG000004123	1
4686	MGYG000000103	4
4687	MGYG000002010	1
4688	MGYG000004061	1
4689	MGYG000004171	2
4690	MGYG000003743	1
4691	MGYG000003753	2
4692	MGYG000000296	1
4693	MGYG000001234	1
4694	MGYG000004565	1
4695	MGYG000003729	1
4696	MGYG000001601	2
4697	MGYG000001618	1
4698	MGYG000001232	2
4699	MGYG000001320	2
4700	MGYG000002854	1
4701	MGYG000002369	4
4702	MGYG000002370	4
4703	MGYG000000005	4
4704	MGYG000001623	4
4705	MGYG000000102	4
4706	MGYG000004232	2
4707	MGYG000000062	3
4708	MGYG000001007	3
4709	MGYG000000024	4
4710	MGYG000000075	3
4711	MGYG000000157	3
4712	MGYG000001460	4
4713	MGYG000002563	3
4714	MGYG000000049	3
4715	MGYG000000951	3
